Issue key,Issue id,Issue Type,Summary,Description,Priority,Status,Resolution,Assignee,Reporter,Created,Updated,Due date,Project key,Components,Labels,Request Type,Organizations,customfield_10030 (Time to resolution),customfield_10101 (Assignment group),x_channel,x_escalation_risk,x_reopened,first_response_time,linked_incident,x_confidence
ITSM-2000,310000,Incident,Laptop running slow,See summary; standard request.,Low,Open,,James Ismail,Zara Musa,Jul 14 2026,2026-07-15 00:00:00,2026-07-16 00:00:00,ITSM,Software,,Report a problem,IT,Within SLA,Network Ops,portal,Low,false,,,0.94
ITSM-2001,310001,Service Request,New hire cannot access ERP,"Provisioning request for ERP raised 6 days ago, still not granted. New hire blocked.",Medium,Waiting for support,,Anjali Tan,Faizal Das,2026-07-07 00:00:00,2026-07-09 00:00:00,2026-07-09 00:00:00,ITSM,Access,aging;stalled,Request access,Ops,At risk,Service Desk,email,Low,true,,,0.60
ITSM-2002,310002,Service Request,Shared drive access,See summary; standard request.,High,In Progress,,Hui Yeoh,Yusof Tan,2026-07-08 00:00:00,2026-07-09 00:00:00,2026-07-10 00:00:00,ITSM,Access,,Get IT help,IT,Within SLA,Service Desk,portal,,false,,,0.97
ITSM-2003,310003,Service Request,MFA device lost,See summary; standard request.,Highest,Waiting for support,,Marcus Raj,Mei Abdullah,2026-07-05 00:00:00,2026-07-06 00:00:00,2026-07-07 00:00:00,ITSM,Network,,Request access,Legal,At risk,Field Support,chat,High,true,2.0h,,0.89
ITSM-2004,310004,Incident,Monitor flickering,See summary; standard request.,Low,In Progress,,Chloe Fernandez,Wei Yeoh,2026-07-15 00:00:00,2026-07-16 00:00:00,2026-07-17 00:00:00,ITSM,Software,,Report a problem,Ops,Within SLA,Field Support,portal,Low,false,,,0.62
ITSM-2005,310005,Incident,VPN drops after update,VPN disconnects every few minutes since the latest Windows security update. Same as colleagues.,Highest,Waiting for support,,Daniel Prakash,Jaya Teo,2026-07-12 00:00:00,2026-07-13 00:00:00,2026-07-14 00:00:00,ITSM,Network,aging,Request access,HR,At risk,Network Ops,email,Critical,true,,,
ITSM-2006,310006,Service Request,VPN drops after update,VPN disconnects every few minutes since the latest Windows security update. Same as colleagues.,Low,Waiting for support,,Wei Yeoh,Siti Musa,2026-07-03 00:00:00,2026-07-04 00:00:00,2026-07-05 00:00:00,ITSM,Network,aging,Get IT help,HR,At risk,Network Ops,portal,Low,false,0.5h,,
ITSM-2007,310007,Service Request,VPN drops after update,VPN disconnects every few minutes since the latest Windows security update. Same as colleagues.,High,Waiting for support,Done,Uma Das,Marcus Nair,2026-07-08 00:00:00,2026-07-09 00:00:00,2026-07-10 00:00:00,ITSM,Network,aging,Get IT help,Finance,At risk,Network Ops,email,High,false,1.0h,,
ITSM-2008,310008,Incident,MFA device lost,See summary; standard request.,Highest,Open,,Rajesh Krishnan,Chloe Fernandez,2026-07-06 00:00:00,2026-07-07 00:00:00,2026-07-08 00:00:00,ITSM,Hardware,,Request access,IT,Within SLA,Service Desk,chat,High,false,0.5h,,0.86
ITSM-2009,310009,Incident,Software install request,See summary; standard request.,Medium,In Progress,,Zara Musa,Jaya Teo,2026-07-07 00:00:00,2026-07-08 00:00:00,2026-07-09 00:00:00,ITSM,Network,,Report a problem,HR,Within SLA,Field Support,email,Medium,false,,,
ITSM-2010,310010,Service Request,Network issue,Cannot access the payroll system to submit my timesheet; access denied on the payroll portal.,Medium,Waiting for support,Done,Mei Lee,Mei Abdullah,2026-07-14 00:00:00,2026-07-15 00:00:00,2026-07-16 00:00:00,ITSM,Network,,Request access,Legal,Within SLA,Network Ops,email,Medium,true,,,0.78
ITSM-2011,310011,Incident,Software install request,See summary; standard request.,Highest,In Progress,,Hui Yeoh,Hakim Gopal,2026-07-06 00:00:00,2026-07-07 00:00:00,2026-07-08 00:00:00,ITSM,Email,,Request access,Ops,At risk,App Support,portal,High,false,,,
ITSM-2012,310012,Incident,Shared drive access,See summary; standard request.,High,Resolved,Done,Farah Lee,Wan Goh,2026-07-11 00:00:00,2026-07-12 00:00:00,2026-07-13 00:00:00,ITSM,Access,,Report a problem,Ops,Breached,Field Support,chat,High,false,0.5h,,
ITSM-2013,310013,Service Request,Cannot access board reporting dashboard,Executive cannot open the board dashboard before tomorrow's meeting; login loops.,High,In Progress,,David Ng,Faizal Das,2026-07-09 00:00:00,2026-07-10 00:00:00,2026-07-11 00:00:00,ITSM,Access,,Report a problem,Executive,At risk,Service Desk,email,High,true,3.0h,,
ITSM-2014,310014,Service Request,Laptop running slow,See summary; standard request.,Highest,Waiting for support,,Uma Das,Wei Goh,2026-07-04 00:00:00,2026-07-05 00:00:00,2026-07-06 00:00:00,ITSM,Email,,Report a problem,Finance,At risk,Network Ops,portal,High,false,0.5h,,
ITSM-2015,310015,Service Request,Laptop running slow,See summary; standard request.,Medium,Waiting for support,,Kumar Tan,Nadia Iyer,2026-07-06 00:00:00,2026-07-07 00:00:00,2026-07-08 00:00:00,ITSM,Access,,Get IT help,Finance,Within SLA,Service Desk,chat,Medium,false,,,0.69
ITSM-2016,310016,Service Request,Mailbox full,See summary; standard request.,High,Waiting for customer,,Kumar Krishnan,Kumar Krishnan,2026-07-05 00:00:00,2026-07-06 00:00:00,2026-07-07 00:00:00,ITSM,Network,,Request access,Ops,At risk,Field Support,chat,,false,3.0h,,0.58
ITSM-2017,310017,Service Request,Keyboard replacement,See summary; standard request.,Low,Waiting for support,,Daniel Prakash,Bryan Das,2026-07-03 00:00:00,2026-07-04 00:00:00,2026-07-05 00:00:00,ITSM,Hardware,,Report a problem,Ops,Within SLA,Service Desk,email,,true,3.0h,,
ITSM-2018,310018,Incident,Laptop running slow,See summary; standard request.,Medium,Resolved,Done,Wan Teo,Marcus Iyer,2026-07-07 00:00:00,2026-07-08 00:00:00,2026-07-09 00:00:00,ITSM,Network,,Report a problem,Ops,Within SLA,Service Desk,email,Medium,false,,,
ITSM-2019,310019,Service Request,Mailbox full,See summary; standard request.,Highest,In Progress,,Grace Ho,Grace Nair,Jul 07 2026,2026-07-08 00:00:00,2026-07-09 00:00:00,ITSM,Software,,Report a problem,Legal,Within SLA,Service Desk,email,,false,1.0h,,0.64
ITSM-2020,310020,Service Request,Monitor flickering,See summary; standard request.,Low,Waiting for customer,,Kevin Hassan,Wan Goh,2026-07-10 00:00:00,2026-07-11 00:00:00,2026-07-12 00:00:00,ITSM,Access,,Report a problem,Ops,Within SLA,Field Support,email,Medium,false,4.0h,,0.59
ITSM-2021,310021,Service Request,Password reset needed,See summary; standard request.,Medium,Open,,Marcus Nair,Zara Musa,2026-07-09 00:00:00,2026-07-10 00:00:00,2026-07-11 00:00:00,ITSM,Email,,Report a problem,IT,Within SLA,App Support,chat,Low,false,,,0.87
ITSM-2022,310022,Service Request,Password reset needed,See summary; standard request.,Highest,Resolved,Done,Kumar Goh,Marcus Iyer,Jul 09 2026,2026-07-10 00:00:00,2026-07-11 00:00:00,ITSM,Email,,Get IT help,Ops,Within SLA,Field Support,chat,High,true,4.0h,,0.73
ITSM-2023,310023,Service Request,Monitor flickering,See summary; standard request.,Low,Waiting for support,,James Teo,Yusof Tan,2026-07-03 00:00:00,2026-07-04 00:00:00,2026-07-05 00:00:00,ITSM,Network,,Request access,IT,At risk,Service Desk,,Low,true,,,0.76
ITSM-2024,310024,Incident,Monitor flickering,See summary; standard request.,High,Resolved,Done,Grace Ncube,Siti Lim,2026-07-10 00:00:00,2026-07-11 00:00:00,2026-07-12 00:00:00,ITSM,Hardware,,Request access,HR,At risk,Service Desk,email,High,false,0.5h,,0.72
ITSM-2025,310025,Service Request,Shared drive access,See summary; standard request.,High,In Progress,,Hakim Gopal,Grace Ncube,2026-07-13 00:00:00,2026-07-14 00:00:00,2026-07-15 00:00:00,ITSM,Hardware,,Get IT help,Ops,Within SLA,Field Support,chat,High,false,,,0.62
ITSM-2026,310026,Incident,Printer offline,See summary; standard request.,Low,Resolved,Done,Kevin Das,Grace Das,2026-07-07 00:00:00,2026-07-08 00:00:00,2026-07-09 00:00:00,ITSM,Access,,Get IT help,HR,At risk,Field Support,portal,Medium,false,1.0h,,0.72
ITSM-2027,310027,Service Request,Printer offline,See summary; standard request.,High,In Progress,,Yusof Tan,Tariq Lim,2026-07-15 00:00:00,2026-07-16 00:00:00,2026-07-17 00:00:00,ITSM,Software,,Request access,Ops,Within SLA,App Support,chat,High,false,0.5h,,
ITSM-2028,310028,Incident,Printer offline,See summary; standard request.,Low,Resolved,Done,David Ng,Aisha Raj,Jul 03 2026,2026-07-04 00:00:00,2026-07-05 00:00:00,ITSM,Software,,Report a problem,Legal,Within SLA,Network Ops,portal,Low,false,4.0h,,0.89
ITSM-2029,310029,Incident,Mailbox full,See summary; standard request.,High,Resolved,Done,Kevin Das,Chloe Fernandez,Jul 04 2026,2026-07-05 00:00:00,2026-07-06 00:00:00,ITSM,Access,,Get IT help,IT,At risk,App Support,email,High,false,8.0h,,
ITSM-2030,310030,Service Request,Keyboard replacement,See summary; standard request.,High,Open,,Arun Lim,Arun Lim,2026-07-15 00:00:00,2026-07-16 00:00:00,2026-07-17 00:00:00,ITSM,Hardware,,Request access,Ops,Within SLA,Service Desk,,High,true,,,
ITSM-2031,310031,Service Request,Mailbox full,See summary; standard request.,Low,Open,,Siti Lee,Chloe Ncube,2026-07-15 00:00:00,2026-07-16 00:00:00,2026-07-17 00:00:00,ITSM,Email,,Get IT help,HR,Within SLA,Field Support,portal,Low,false,,,
ITSM-2032,310032,Service Request,Guest wifi issue,See summary; standard request.,High,In Progress,,Mei Lee,Priya Wong,15/07/2026,2026-07-16 00:00:00,2026-07-17 00:00:00,ITSM,Hardware,,Get IT help,IT,Within SLA,Service Desk,portal,High,true,8.0h,,
ITSM-2033,310033,Service Request,Printer offline,See summary; standard request.,Low,Waiting for support,,Yusof Tan,Kevin Aziz,Jul 03 2026,2026-07-04 00:00:00,2026-07-05 00:00:00,ITSM,Hardware,,Request access,IT,Breached,App Support,email,High,false,3.0h,,
ITSM-2034,310034,Service Request,Shared drive access,See summary; standard request.,High,Waiting for customer,,Lena Iyer,Kumar Tan,14/07/2026,2026-07-15 00:00:00,2026-07-16 00:00:00,ITSM,Hardware,,Request access,Finance,Within SLA,Field Support,,High,true,0.5h,,
ITSM-2035,310035,Incident,Mailbox full,See summary; standard request.,High,Resolved,Done,Priya Wong,Chloe Fernandez,2026-07-08 00:00:00,2026-07-09 00:00:00,2026-07-10 00:00:00,ITSM,Email,,Request access,IT,Within SLA,App Support,portal,High,false,8.0h,,0.95
ITSM-2036,310036,Incident,Guest wifi issue,See summary; standard request.,Low,In Progress,,Ismail Cheng,Aisha Lim,2026-07-09 00:00:00,2026-07-10 00:00:00,2026-07-11 00:00:00,ITSM,Network,,Get IT help,HR,At risk,Network Ops,,,false,2.0h,,0.58
ITSM-2037,310037,Service Request,Monitor flickering,See summary; standard request.,Low,In Progress,,Mei Abdullah,Farah Lee,2026-07-03 00:00:00,2026-07-04 00:00:00,2026-07-05 00:00:00,ITSM,Hardware,,Get IT help,HR,At risk,Network Ops,email,,false,4.0h,,0.56
ITSM-2038,310038,Incident,Guest wifi issue,See summary; standard request.,Highest,Waiting for customer,,Priya Lim,Nadia Nair,2026-07-15 00:00:00,2026-07-16 00:00:00,2026-07-17 00:00:00,ITSM,Network,,Get IT help,Finance,At risk,Network Ops,portal,High,false,,,0.68
ITSM-2039,310039,Incident,Printer offline,See summary; standard request.,Highest,Resolved,Done,Priya Wong,Hui Yeoh,2026-07-03 00:00:00,2026-07-04 00:00:00,2026-07-05 00:00:00,ITSM,Access,,Get IT help,Legal,Breached,Field Support,,High,true,3.0h,,0.83
ITSM-2040,310040,Service Request,Laptop running slow,See summary; standard request.,Highest,Waiting for customer,,Siti Lee,Siti Lee,Jul 04 2026,2026-07-05 00:00:00,2026-07-06 00:00:00,ITSM,Hardware,,Get IT help,HR,Breached,Service Desk,chat,Critical,true,,,0.62
ITSM-2041,310041,Incident,Password reset needed,See summary; standard request.,Low,Resolved,Done,Uma Das,Ismail Cheng,2026-07-03 00:00:00,2026-07-04 00:00:00,2026-07-05 00:00:00,ITSM,Network,,Request access,HR,Within SLA,Field Support,chat,Low,false,,,
ITSM-2042,310042,Service Request,Laptop running slow,See summary; standard request.,Highest,Waiting for support,,Ismail Raj,Hakim Gopal,2026-07-14 00:00:00,2026-07-15 00:00:00,2026-07-16 00:00:00,ITSM,Software,,Request access,Ops,At risk,App Support,portal,High,false,,,
ITSM-2043,310043,Incident,Software install request,See summary; standard request.,Highest,Resolved,Done,Farah Tan,Michael Rahman,2026-07-06 00:00:00,2026-07-07 00:00:00,2026-07-08 00:00:00,ITSM,Email,,Request access,Legal,Within SLA,Network Ops,portal,Medium,false,,,
ITSM-2044,310044,Service Request,Shared drive access,See summary; standard request.,High,Waiting for customer,,Anjali Tan,Kevin Das,04/07/2026,2026-07-05 00:00:00,2026-07-06 00:00:00,ITSM,Network,,Report a problem,Ops,Within SLA,Service Desk,chat,High,true,8.0h,,
ITSM-2045,310045,Incident,Software install request,See summary; standard request.,Highest,Waiting for customer,,Aisha Raj,Mei Lee,2026-07-15 00:00:00,2026-07-16 00:00:00,2026-07-17 00:00:00,ITSM,Network,,Request access,Legal,Within SLA,Service Desk,chat,High,false,0.5h,,0.72
ITSM-2046,310046,Incident,MFA device lost,See summary; standard request.,High,Resolved,Done,Wan Goh,Aisha Lim,2026-07-05 00:00:00,2026-07-06 00:00:00,2026-07-07 00:00:00,ITSM,Email,,Request access,HR,Within SLA,App Support,email,High,false,,,0.97
ITSM-2047,310047,Service Request,Laptop running slow,See summary; standard request.,Medium,In Progress,,Farah Lee,Nadia Ng,2026-07-07 00:00:00,2026-07-08 00:00:00,2026-07-09 00:00:00,ITSM,Hardware,,Request access,Sales,Within SLA,Field Support,portal,Low,false,4.0h,,0.89
ITSM-2048,310048,Service Request,Guest wifi issue,See summary; standard request.,Medium,Resolved,Done,Kevin Hassan,Arun Lim,2026-07-05 00:00:00,2026-07-06 00:00:00,2026-07-07 00:00:00,ITSM,Access,,Report a problem,Ops,Within SLA,Field Support,chat,Low,false,1.0h,,0.60
ITSM-2049,310049,Service Request,Software install request,See summary; standard request.,Highest,In Progress,,Kevin Das,Rajesh Chen,12/07/2026,2026-07-13 00:00:00,2026-07-14 00:00:00,ITSM,Hardware,,Get IT help,Sales,Within SLA,App Support,,Medium,false,,,0.63
ITSM-2050,310050,Service Request,Keyboard replacement,See summary; standard request.,Medium,Open,,Ismail Raj,Lena Ncube,2026-07-03 00:00:00,2026-07-04 00:00:00,2026-07-05 00:00:00,ITSM,Email,,Get IT help,Ops,At risk,Network Ops,chat,,true,8.0h,,0.59
ITSM-2051,310051,Service Request,Password reset needed,See summary; standard request.,Highest,Resolved,Done,James Ismail,David Ng,2026-07-03 00:00:00,2026-07-04 00:00:00,2026-07-05 00:00:00,ITSM,Network,,Report a problem,Ops,Within SLA,App Support,email,High,true,0.5h,,0.71
ITSM-2052,310052,Incident,Laptop running slow,See summary; standard request.,Medium,Waiting for support,,David Ng,James Ismail,2026-07-05 00:00:00,2026-07-06 00:00:00,2026-07-07 00:00:00,ITSM,Hardware,,Report a problem,Ops,Breached,Network Ops,chat,High,false,,,
ITSM-2053,310053,Service Request,Keyboard replacement,See summary; standard request.,Low,Open,,Siti Musa,Kumar Krishnan,Jul 12 2026,2026-07-13 00:00:00,2026-07-14 00:00:00,ITSM,Software,,Request access,Ops,Within SLA,App Support,chat,,false,3.0h,,0.67
ITSM-2054,310054,Service Request,Software install request,See summary; standard request.,Highest,Waiting for support,,James Ismail,Siti Teo,04/07/2026,2026-07-05 00:00:00,2026-07-06 00:00:00,ITSM,Access,,Report a problem,Legal,At risk,Network Ops,chat,,true,1.0h,,
ITSM-2055,310055,Service Request,New hire cannot access ERP,"Provisioning request for ERP raised 6 days ago, still not granted. New hire blocked.",Highest,Waiting for support,,Priya Wong,Wei Yeoh,2026-07-06 00:00:00,2026-07-09 00:00:00,2026-07-08 00:00:00,ITSM,Access,aging;stalled,Request access,Ops,At risk,Service Desk,portal,,true,0.5h,,
ITSM-2056,310056,Incident,Guest wifi issue,See summary; standard request.,Low,Waiting for customer,,Wan Teo,Lena Ncube,15/07/2026,2026-07-16 00:00:00,2026-07-17 00:00:00,ITSM,Software,,Report a problem,Ops,Within SLA,App Support,chat,Low,false,1.0h,,
ITSM-2057,310057,Service Request,Monitor flickering,See summary; standard request.,Highest,Resolved,Done,Aisha Raj,Wei Yeoh,2026-07-03 00:00:00,2026-07-04 00:00:00,2026-07-05 00:00:00,ITSM,Email,,Request access,Ops,Within SLA,Service Desk,chat,,false,2.0h,,
ITSM-2058,310058,Service Request,Keyboard replacement,See summary; standard request.,High,In Progress,,Farah Lee,Wei Goh,2026-07-05 00:00:00,2026-07-06 00:00:00,2026-07-07 00:00:00,ITSM,Software,,Request access,Finance,Within SLA,Service Desk,email,Medium,false,,,0.91
ITSM-2059,310059,Incident,Mailbox full,See summary; standard request.,Highest,Open,,Kumar Krishnan,Farah Lee,2026-07-03 00:00:00,2026-07-04 00:00:00,2026-07-05 00:00:00,ITSM,Hardware,,Request access,HR,Within SLA,Field Support,portal,High,false,8.0h,,
ITSM-2060,310060,Incident,Keyboard replacement,See summary; standard request.,Highest,In Progress,,Faizal Chen,Anjali Tan,07/07/2026,2026-07-08 00:00:00,2026-07-09 00:00:00,ITSM,Software,,Get IT help,Finance,At risk,Service Desk,chat,Critical,false,2.0h,,0.79
ITSM-2061,310061,Incident,Guest wifi issue,See summary; standard request.,High,Waiting for support,,Marcus Nair,Marcus Raj,2026-07-11 00:00:00,2026-07-12 00:00:00,2026-07-13 00:00:00,ITSM,Software,,Report a problem,IT,Within SLA,Service Desk,portal,High,false,,,0.56
ITSM-2062,310062,Service Request,MFA device lost,See summary; standard request.,Highest,Resolved,Done,Nadia Teo,Mei Lee,2026-07-10 00:00:00,2026-07-11 00:00:00,2026-07-12 00:00:00,ITSM,Network,,Get IT help,HR,At risk,Service Desk,portal,,false,1.0h,,
ITSM-2063,310063,Service Request,Guest wifi issue,See summary; standard request.,Low,Resolved,Done,Nadia Teo,Yusof Tan,2026-07-07 00:00:00,2026-07-08 00:00:00,2026-07-09 00:00:00,ITSM,Email,,Get IT help,IT,Within SLA,Service Desk,,Low,false,,,
ITSM-2064,310064,Service Request,Laptop running slow,See summary; standard request.,High,Open,,Faizal Das,Michael Ong,2026-07-03 00:00:00,2026-07-04 00:00:00,2026-07-05 00:00:00,ITSM,Software,,Report a problem,Legal,Within SLA,Network Ops,email,Medium,false,4.0h,,0.78
ITSM-2065,310065,Incident,Guest wifi issue,See summary; standard request.,High,In Progress,,Faizal Chen,Grace Iyer,15/07/2026,2026-07-16 00:00:00,2026-07-17 00:00:00,ITSM,Network,,Report a problem,HR,Within SLA,Service Desk,portal,High,false,,,0.90
ITSM-2066,310066,Incident,MFA device lost,See summary; standard request.,Highest,Resolved,Done,Wan Goh,Omar Ncube,2026-07-15 00:00:00,2026-07-16 00:00:00,2026-07-17 00:00:00,ITSM,Software,,Get IT help,Finance,Within SLA,Network Ops,,High,false,,,0.62
ITSM-2067,310067,Incident,Printer offline,See summary; standard request.,Low,In Progress,,Mei Lee,Rajesh Krishnan,2026-07-08 00:00:00,2026-07-09 00:00:00,2026-07-10 00:00:00,ITSM,Email,,Report a problem,HR,Within SLA,App Support,portal,Low,true,4.0h,,0.86
ITSM-2068,310068,Incident,Mailbox full,See summary; standard request.,Medium,Waiting for customer,,Siti Lee,Arun Lim,2026-07-04 00:00:00,2026-07-05 00:00:00,2026-07-06 00:00:00,ITSM,Network,,Request access,Ops,Within SLA,Network Ops,email,Low,false,,,
ITSM-2069,310069,Service Request,Shared drive access,See summary; standard request.,Low,Waiting for support,,Siti Lim,Suki Ncube,2026-07-05 00:00:00,2026-07-06 00:00:00,2026-07-07 00:00:00,ITSM,Hardware,,Report a problem,IT,Within SLA,Network Ops,,Low,false,,,
ITSM-2070,310070,Incident,Network issue,Cannot access the payroll system to submit my timesheet; access denied on the payroll portal.,High,Waiting for support,,Uma Das,Michael Rahman,2026-07-10 00:00:00,2026-07-11 00:00:00,2026-07-12 00:00:00,ITSM,Network,,Get IT help,Legal,Breached,Network Ops,portal,High,false,,,
ITSM-2071,310071,Service Request,Software install request,See summary; standard request.,Highest,In Progress,,Arun Abdullah,Uma Ong,2026-07-13 00:00:00,2026-07-14 00:00:00,2026-07-15 00:00:00,ITSM,Email,,Get IT help,Ops,At risk,Service Desk,email,,false,2.0h,,
ITSM-2072,310072,Service Request,Mailbox full,See summary; standard request.,Highest,Resolved,Done,Arun Nair,Farah Lee,2026-07-08 00:00:00,2026-07-09 00:00:00,2026-07-10 00:00:00,ITSM,Access,,Request access,HR,At risk,Service Desk,email,Critical,false,,,0.88
ITSM-2073,310073,Incident,Mailbox full,See summary; standard request.,High,Waiting for support,,Ravi Ismail,James Teo,2026-07-11 00:00:00,2026-07-12 00:00:00,2026-07-13 00:00:00,ITSM,Access,,Report a problem,Ops,Within SLA,Service Desk,,,true,3.0h,,
ITSM-2074,310074,Incident,Printer offline,See summary; standard request.,Highest,Resolved,Done,Chloe Fernandez,Nurul Osman,2026-07-05 00:00:00,2026-07-06 00:00:00,2026-07-07 00:00:00,ITSM,Software,,Get IT help,Ops,At risk,Service Desk,email,Critical,false,4.0h,,
ITSM-2075,310075,Incident,Printer offline,See summary; standard request.,Low,Open,,Kumar Goh,Michael Rahman,2026-07-12 00:00:00,2026-07-13 00:00:00,2026-07-14 00:00:00,ITSM,Hardware,,Report a problem,Legal,At risk,Network Ops,email,Medium,false,,,0.67
ITSM-2076,310076,Incident,Mailbox full,See summary; standard request.,Medium,Resolved,Done,Suki Ncube,Farah Lee,2026-07-12 00:00:00,2026-07-13 00:00:00,2026-07-14 00:00:00,ITSM,Software,,Report a problem,HR,Within SLA,Service Desk,chat,Low,true,,,0.59
ITSM-2077,310077,Incident,Laptop running slow,See summary; standard request.,Medium,Resolved,Done,Siti Lim,James Ismail,2026-07-14 00:00:00,2026-07-15 00:00:00,2026-07-16 00:00:00,ITSM,Email,,Request access,Ops,At risk,App Support,email,Medium,false,1.0h,,0.78
ITSM-2078,310078,Incident,Software install request,See summary; standard request.,Medium,In Progress,,Mei Lee,Nadia Teo,10/07/2026,2026-07-11 00:00:00,2026-07-12 00:00:00,ITSM,Network,,Report a problem,Ops,Within SLA,Field Support,email,Low,false,,,0.74
ITSM-2079,310079,Service Request,Mailbox full,See summary; standard request.,High,In Progress,,Faizal Das,Suki Cheng,2026-07-09 00:00:00,2026-07-10 00:00:00,2026-07-11 00:00:00,ITSM,Software,,Report a problem,HR,Within SLA,App Support,email,High,false,,,
ITSM-2080,310080,Service Request,VPN drops after update,VPN disconnects every few minutes since the latest Windows security update. Same as colleagues.,Low,Waiting for support,,Grace Iyer,Siti Teo,2026-07-06 00:00:00,2026-07-07 00:00:00,2026-07-08 00:00:00,ITSM,Network,aging,Get IT help,Legal,At risk,Network Ops,chat,Low,true,,,0.85
ITSM-2081,310081,Service Request,MFA device lost,See summary; standard request.,Low,Resolved,Done,David Ng,Grace Das,2026-07-08 00:00:00,2026-07-09 00:00:00,2026-07-10 00:00:00,ITSM,Network,,Report a problem,HR,At risk,Network Ops,email,Low,false,,,
ITSM-2082,310082,Incident,Laptop running slow,See summary; standard request.,Highest,In Progress,,Kevin Hassan,Wei Goh,2026-07-03 00:00:00,2026-07-04 00:00:00,2026-07-05 00:00:00,ITSM,Access,,Report a problem,Finance,At risk,Network Ops,portal,Critical,false,,,0.63
ITSM-2083,310083,Incident,Monitor flickering,See summary; standard request.,High,Waiting for customer,,Uma Ong,Wei Yeoh,2026-07-07 00:00:00,2026-07-08 00:00:00,2026-07-09 00:00:00,ITSM,Access,,Request access,Ops,Within SLA,App Support,,High,false,,,0.76
ITSM-2084,310084,Incident,MFA device lost,See summary; standard request.,Medium,Resolved,Done,Ismail Cheng,Arun Nair,2026-07-13 00:00:00,2026-07-14 00:00:00,2026-07-15 00:00:00,ITSM,Email,,Report a problem,IT,Within SLA,Service Desk,chat,Medium,false,,,
ITSM-2085,310085,Service Request,Shared drive access,See summary; standard request.,High,Waiting for customer,,Kevin Das,Aisha Raj,Jul 03 2026,2026-07-04 00:00:00,2026-07-05 00:00:00,ITSM,Hardware,,Report a problem,Legal,Within SLA,Service Desk,email,,false,,,0.98
ITSM-2086,310086,Incident,Guest wifi issue,See summary; standard request.,Medium,Resolved,Done,Faizal Das,Farah Tan,2026-07-14 00:00:00,2026-07-15 00:00:00,2026-07-16 00:00:00,ITSM,Network,,Get IT help,Ops,Within SLA,Field Support,chat,Medium,true,8.0h,,0.70
ITSM-2087,310087,Incident,Printer offline,See summary; standard request.,High,Waiting for support,,Aisha Raj,Nurul Osman,2026-07-13 00:00:00,2026-07-14 00:00:00,2026-07-15 00:00:00,ITSM,Hardware,,Request access,Ops,At risk,Service Desk,chat,High,false,0.5h,,
ITSM-2088,310088,Incident,Shared drive access,See summary; standard request.,Low,Waiting for customer,,Hakim Gopal,Michael Ong,2026-07-13 00:00:00,2026-07-14 00:00:00,2026-07-15 00:00:00,ITSM,Software,,Report a problem,Legal,Within SLA,Network Ops,email,Medium,false,,,
ITSM-2089,310089,Service Request,Password reset needed,See summary; standard request.,Medium,Resolved,Done,Zara Musa,Suki Ncube,2026-07-05 00:00:00,2026-07-06 00:00:00,2026-07-07 00:00:00,ITSM,Software,,Get IT help,IT,Breached,Network Ops,,High,false,,,0.62
ITSM-2090,310090,Incident,Cannot access board reporting dashboard,Executive cannot open the board dashboard before tomorrow's meeting; login loops.,High,In Progress,Done,Nurul Osman,Faizal Das,2026-07-14 00:00:00,2026-07-15 00:00:00,2026-07-16 00:00:00,ITSM,Access,,Request access,Executive,At risk,Service Desk,email,Medium,true,3.0h,,
ITSM-2091,310091,Incident,Guest wifi issue,See summary; standard request.,High,Open,,Faizal Iyer,Aisha Lim,03/07/2026,2026-07-04 00:00:00,2026-07-05 00:00:00,ITSM,Network,,Report a problem,HR,Within SLA,Service Desk,chat,High,true,0.5h,,0.93
ITSM-2092,310092,Incident,Keyboard replacement,See summary; standard request.,High,In Progress,,Aisha Lim,Bryan Das,2026-07-10 00:00:00,2026-07-11 00:00:00,2026-07-12 00:00:00,ITSM,Network,,Get IT help,Ops,At risk,Service Desk,chat,High,false,0.5h,,
ITSM-2093,310093,Incident,Printer offline,See summary; standard request.,Low,Open,,Marcus Iyer,Daniel Prakash,Jul 15 2026,2026-07-16 00:00:00,2026-07-17 00:00:00,ITSM,Email,,Get IT help,Finance,Within SLA,Service Desk,chat,Medium,false,,,0.76
ITSM-2094,310094,Service Request,Keyboard replacement,See summary; standard request.,Low,Waiting for support,,Ravi Ismail,Kevin Das,2026-07-03 00:00:00,2026-07-04 00:00:00,2026-07-05 00:00:00,ITSM,Network,,Report a problem,Ops,Breached,App Support,portal,High,true,4.0h,,
ITSM-2095,310095,Service Request,Guest wifi issue,See summary; standard request.,Low,Waiting for customer,,Hakim Gopal,Rajesh Chen,2026-07-14 00:00:00,2026-07-15 00:00:00,2026-07-16 00:00:00,ITSM,Access,,Request access,Sales,At risk,Network Ops,email,,false,3.0h,,0.70
ITSM-2096,310096,Service Request,Shared drive access,See summary; standard request.,Medium,Resolved,Done,Chloe Fernandez,Hui Yeoh,2026-07-14 00:00:00,2026-07-15 00:00:00,2026-07-16 00:00:00,ITSM,Access,,Request access,Legal,Within SLA,App Support,chat,,false,,,
ITSM-2097,310097,Incident,Guest wifi issue,See summary; standard request.,Medium,Waiting for support,,Chloe Ncube,Ismail Raj,2026-07-15 00:00:00,2026-07-16 00:00:00,2026-07-17 00:00:00,ITSM,Email,,Get IT help,Legal,Within SLA,Service Desk,portal,Low,false,,,
ITSM-2098,310098,Service Request,Printer offline,See summary; standard request.,Highest,Waiting for support,,Farah Lee,Mei Abdullah,2026-07-13 00:00:00,2026-07-14 00:00:00,2026-07-15 00:00:00,ITSM,Software,,Get IT help,Legal,Within SLA,Service Desk,chat,,false,,,0.80
ITSM-2099,310099,Incident,Shared drive access,See summary; standard request.,Medium,Open,,Suki Ncube,Jaya Teo,2026-07-04 00:00:00,2026-07-05 00:00:00,2026-07-06 00:00:00,ITSM,Hardware,,Report a problem,HR,Within SLA,Service Desk,email,,false,,,
ITSM-2100,310100,Incident,Keyboard replacement,See summary; standard request.,Low,Waiting for support,,Kevin Kumar,David Ng,2026-07-03 00:00:00,2026-07-04 00:00:00,2026-07-05 00:00:00,ITSM,Email,,Request access,Ops,At risk,Service Desk,chat,Medium,false,,,0.80
ITSM-2101,310101,Incident,Shared drive access,See summary; standard request.,Low,Waiting for support,,Nadia Iyer,Daniel Prakash,2026-07-04 00:00:00,2026-07-05 00:00:00,2026-07-06 00:00:00,ITSM,Network,,Request access,Finance,Within SLA,App Support,chat,Medium,true,,,
ITSM-2102,310102,Incident,Printer offline,See summary; standard request.,Highest,Resolved,Done,Daniel Prakash,Ravi Ismail,2026-07-12 00:00:00,2026-07-13 00:00:00,2026-07-14 00:00:00,ITSM,Email,,Request access,IT,Within SLA,Service Desk,email,High,false,,,
ITSM-2103,310103,Incident,Printer offline,See summary; standard request.,Highest,Resolved,Done,Priya Lim,Marcus Iyer,2026-07-09 00:00:00,2026-07-10 00:00:00,2026-07-11 00:00:00,ITSM,Access,,Get IT help,Ops,Within SLA,Service Desk,email,High,false,4.0h,,
ITSM-2104,310104,Incident,Printer offline,See summary; standard request.,Medium,Resolved,Done,Priya Lim,Kevin Das,2026-07-12 00:00:00,2026-07-13 00:00:00,2026-07-14 00:00:00,ITSM,Access,,Get IT help,Ops,Within SLA,Field Support,chat,Medium,false,0.5h,,0.80
ITSM-2105,310105,Incident,Software install request,See summary; standard request.,Highest,In Progress,,Rajesh Krishnan,Priya Wong,2026-07-10 00:00:00,2026-07-11 00:00:00,2026-07-12 00:00:00,ITSM,Software,,Request access,IT,Breached,Field Support,chat,High,true,1.0h,,
ITSM-2106,310106,Service Request,Keyboard replacement,See summary; standard request.,Medium,In Progress,,Jaya Teo,Ismail Raj,2026-07-03 00:00:00,2026-07-04 00:00:00,2026-07-05 00:00:00,ITSM,Network,,Get IT help,Legal,Within SLA,Service Desk,,Low,false,,,0.64
ITSM-2107,310107,Service Request,MFA device lost,See summary; standard request.,Highest,Waiting for customer,,Aisha Raj,Michael Chen,2026-07-08 00:00:00,2026-07-09 00:00:00,2026-07-10 00:00:00,ITSM,Hardware,,Request access,Sales,Within SLA,Network Ops,portal,High,true,,,
ITSM-2108,310108,Incident,Laptop running slow,See summary; standard request.,High,Open,,Wei Yeoh,Lena Ncube,2026-07-11 00:00:00,2026-07-12 00:00:00,2026-07-13 00:00:00,ITSM,Network,,Get IT help,Ops,At risk,Service Desk,email,High,false,,,0.90
ITSM-2109,310109,Incident,Monitor flickering,See summary; standard request.,High,Resolved,Done,Ismail Raj,Yusof Ng,2026-07-14 00:00:00,2026-07-15 00:00:00,2026-07-16 00:00:00,ITSM,Access,,Request access,Legal,Within SLA,Field Support,chat,Medium,false,1.0h,,
ITSM-2110,310110,Incident,Keyboard replacement,See summary; standard request.,Medium,In Progress,,Priya Wong,Arun Nair,2026-07-07 00:00:00,2026-07-08 00:00:00,2026-07-09 00:00:00,ITSM,Hardware,,Request access,IT,Within SLA,App Support,chat,Low,false,3.0h,,
ITSM-2111,310111,Incident,Software install request,See summary; standard request.,Low,Resolved,Done,Wan Goh,Chloe Ncube,Jul 05 2026,2026-07-06 00:00:00,2026-07-07 00:00:00,ITSM,Hardware,,Get IT help,HR,Within SLA,Service Desk,email,Low,false,,,
ITSM-2112,310112,Incident,Mailbox full,See summary; standard request.,Low,Open,,Arun Lim,Mei Abdullah,Jul 07 2026,2026-07-08 00:00:00,2026-07-09 00:00:00,ITSM,Network,,Report a problem,Legal,Within SLA,Service Desk,email,Low,true,3.0h,,0.57
ITSM-2113,310113,Incident,Printer offline,See summary; standard request.,Low,Waiting for customer,,Siti Lim,Daniel Prakash,2026-07-04 00:00:00,2026-07-05 00:00:00,2026-07-06 00:00:00,ITSM,Access,,Request access,Finance,Within SLA,Service Desk,email,Low,false,1.0h,,0.57
ITSM-2114,310114,Service Request,Keyboard replacement,See summary; standard request.,Low,In Progress,,Priya Wong,Ismail Cheng,2026-07-10 00:00:00,2026-07-11 00:00:00,2026-07-12 00:00:00,ITSM,Network,,Request access,HR,Within SLA,Field Support,email,Low,false,,,
ITSM-2115,310115,Incident,Software install request,See summary; standard request.,High,Waiting for support,,Rajesh Chen,Rajesh Chen,04/07/2026,2026-07-05 00:00:00,2026-07-06 00:00:00,ITSM,Access,,Get IT help,Sales,At risk,Field Support,,High,false,,,0.91
ITSM-2116,310116,Incident,Shared drive access,See summary; standard request.,Low,Waiting for support,,Arun Lim,Wan Teo,2026-07-14 00:00:00,2026-07-15 00:00:00,2026-07-16 00:00:00,ITSM,Software,,Report a problem,Legal,At risk,Network Ops,portal,Medium,false,4.0h,,0.95
ITSM-2117,310117,Incident,Keyboard replacement,See summary; standard request.,Low,In Progress,,Daniel Prakash,Nadia Iyer,2026-07-03 00:00:00,2026-07-04 00:00:00,2026-07-05 00:00:00,ITSM,Access,,Report a problem,Finance,Within SLA,Network Ops,email,Low,false,,,0.72
ITSM-2118,310118,Incident,Password reset needed,See summary; standard request.,Low,In Progress,,Kumar Tan,Arun Tan,2026-07-04 00:00:00,2026-07-05 00:00:00,2026-07-06 00:00:00,ITSM,Hardware,,Get IT help,Legal,Breached,App Support,email,High,false,,,
ITSM-2119,310119,Service Request,Software install request,See summary; standard request.,Low,Waiting for support,,Siti Musa,Michael Ong,2026-07-07 00:00:00,2026-07-08 00:00:00,2026-07-09 00:00:00,ITSM,Network,,Get IT help,Legal,Within SLA,App Support,chat,Low,true,,,0.85
ITSM-2120,310120,Incident,Guest wifi issue,See summary; standard request.,Medium,Resolved,Done,Siti Teo,Arun Tan,2026-07-08 00:00:00,2026-07-09 00:00:00,2026-07-10 00:00:00,ITSM,Hardware,,Report a problem,Legal,Breached,Network Ops,portal,High,false,1.0h,,
ITSM-2121,310121,Incident,Mailbox full,See summary; standard request.,Low,Waiting for customer,,Grace Ho,Grace Ho,2026-07-05 00:00:00,2026-07-06 00:00:00,2026-07-07 00:00:00,ITSM,Access,,Request access,Ops,Within SLA,App Support,chat,Low,true,,,0.89
ITSM-2122,310122,Service Request,Laptop running slow,See summary; standard request.,Low,In Progress,,Grace Nair,Tariq Lim,2026-07-07 00:00:00,2026-07-08 00:00:00,2026-07-09 00:00:00,ITSM,Hardware,,Request access,Ops,At risk,Network Ops,,Medium,true,,,0.85
ITSM-2123,310123,Incident,Laptop running slow,See summary; standard request.,Highest,Waiting for support,,Zara Musa,Kumar Goh,2026-07-03 00:00:00,2026-07-04 00:00:00,2026-07-05 00:00:00,ITSM,Network,,Report a problem,Ops,Within SLA,Network Ops,portal,Medium,false,3.0h,,
ITSM-2124,310124,Service Request,Printer offline,See summary; standard request.,Highest,In Progress,,Suki Cheng,Faizal Iyer,2026-07-06 00:00:00,2026-07-07 00:00:00,2026-07-08 00:00:00,ITSM,Email,,Get IT help,Ops,Within SLA,Network Ops,chat,,false,,,0.62
ITSM-2125,310125,Incident,Password reset needed,See summary; standard request.,Highest,Open,,Michael Ong,Hui Yeoh,2026-07-08 00:00:00,2026-07-09 00:00:00,2026-07-10 00:00:00,ITSM,Hardware,,Request access,Legal,Within SLA,Network Ops,chat,High,false,3.0h,,
ITSM-2126,310126,Service Request,Printer offline,See summary; standard request.,Medium,Waiting for customer,,Yusof Tan,Zara Musa,2026-07-06 00:00:00,2026-07-07 00:00:00,2026-07-08 00:00:00,ITSM,Software,,Report a problem,IT,Within SLA,Service Desk,chat,Medium,false,8.0h,,
ITSM-2127,310127,Incident,Printer offline,See summary; standard request.,High,Waiting for support,,Farah Lee,Arun Abdullah,2026-07-05 00:00:00,2026-07-06 00:00:00,2026-07-07 00:00:00,ITSM,Email,,Request access,Legal,Within SLA,Network Ops,,High,true,3.0h,,0.88
ITSM-2128,310128,Service Request,Laptop running slow,See summary; standard request.,Low,Waiting for customer,,Aisha Lim,Kevin Aziz,2026-07-07 00:00:00,2026-07-08 00:00:00,2026-07-09 00:00:00,ITSM,Access,,Request access,IT,Within SLA,App Support,email,Medium,false,,,
ITSM-2129,310129,Service Request,Mailbox full,See summary; standard request.,High,Open,,Kumar Tan,Ismail Cheng,2026-07-13 00:00:00,2026-07-14 00:00:00,2026-07-15 00:00:00,ITSM,Access,,Get IT help,HR,Within SLA,Field Support,portal,,false,8.0h,,0.91
ITSM-2130,310130,Service Request,Password reset needed,See summary; standard request.,High,Resolved,Done,Ismail Raj,Anjali Tan,Jul 09 2026,2026-07-10 00:00:00,2026-07-11 00:00:00,ITSM,Access,,Request access,Finance,Within SLA,Network Ops,chat,High,false,,,0.91
ITSM-2131,310131,Incident,MFA device lost,See summary; standard request.,Medium,In Progress,,Faizal Iyer,Siti Lee,2026-07-06 00:00:00,2026-07-07 00:00:00,2026-07-08 00:00:00,ITSM,Access,,Request access,Sales,Breached,App Support,email,,false,,,0.96
ITSM-2132,310132,Service Request,Monitor flickering,See summary; standard request.,High,Open,,Kevin Kumar,Uma Das,2026-07-03 00:00:00,2026-07-04 00:00:00,2026-07-05 00:00:00,ITSM,Hardware,,Report a problem,Legal,Within SLA,App Support,email,Medium,true,8.0h,,
ITSM-2133,310133,Service Request,Monitor flickering,See summary; standard request.,High,Resolved,Done,Suki Cheng,Siti Lee,15/07/2026,2026-07-16 00:00:00,2026-07-17 00:00:00,ITSM,Network,,Get IT help,HR,Within SLA,Network Ops,chat,Medium,false,,,0.81
ITSM-2134,310134,Incident,Password reset needed,See summary; standard request.,High,Waiting for customer,,Chloe Ncube,Faizal Das,2026-07-09 00:00:00,2026-07-10 00:00:00,2026-07-11 00:00:00,ITSM,Email,,Report a problem,Ops,At risk,Network Ops,chat,Medium,false,,,0.88
ITSM-2135,310135,Incident,Software install request,See summary; standard request.,Highest,In Progress,,Aisha Raj,Anjali Tan,2026-07-04 00:00:00,2026-07-05 00:00:00,2026-07-06 00:00:00,ITSM,Hardware,,Report a problem,Finance,Within SLA,Field Support,portal,,false,,,0.89
ITSM-2136,310136,Incident,Software install request,See summary; standard request.,Medium,Waiting for customer,,Marcus Nair,Grace Ncube,2026-07-06 00:00:00,2026-07-07 00:00:00,2026-07-08 00:00:00,ITSM,Software,,Report a problem,Ops,Within SLA,Service Desk,chat,,false,2.0h,,0.63
ITSM-2137,310137,Incident,Printer offline,See summary; standard request.,High,Open,,Ismail Raj,Priya Ismail,2026-07-03 00:00:00,2026-07-04 00:00:00,2026-07-05 00:00:00,ITSM,Email,,Request access,IT,Within SLA,Service Desk,email,Medium,false,,,
ITSM-2138,310138,Service Request,MFA device lost,See summary; standard request.,Low,Waiting for support,,Mei Lee,Kevin Hassan,2026-07-13 00:00:00,2026-07-14 00:00:00,2026-07-15 00:00:00,ITSM,Network,,Get IT help,IT,Within SLA,Field Support,portal,Medium,false,,,
ITSM-2139,310139,Incident,Shared drive access,See summary; standard request.,Medium,Open,,Lena Iyer,Faizal Iyer,2026-07-06 00:00:00,2026-07-07 00:00:00,2026-07-08 00:00:00,ITSM,Software,,Report a problem,Ops,At risk,Service Desk,portal,Low,false,8.0h,,0.58
ITSM-2140,310140,Incident,Software install request,See summary; standard request.,Medium,Resolved,Done,Omar Ncube,Tariq Lim,2026-07-04 00:00:00,2026-07-05 00:00:00,2026-07-06 00:00:00,ITSM,Software,,Get IT help,Ops,Within SLA,Field Support,email,Low,false,4.0h,,0.97
ITSM-2141,310141,Service Request,Printer offline,See summary; standard request.,High,Waiting for support,,Marcus Iyer,Kumar Goh,Jul 11 2026,2026-07-12 00:00:00,2026-07-13 00:00:00,ITSM,Software,,Get IT help,Ops,Within SLA,App Support,portal,,true,2.0h,,0.84
ITSM-2142,310142,Service Request,MFA device lost,See summary; standard request.,High,In Progress,,Arun Lim,Grace Ho,2026-07-07 00:00:00,2026-07-08 00:00:00,2026-07-09 00:00:00,ITSM,Access,,Request access,Ops,Within SLA,Field Support,portal,Medium,false,,,
ITSM-2143,310143,Service Request,Mailbox full,See summary; standard request.,Low,Open,,Faizal Iyer,Nadia Ng,2026-07-03 00:00:00,2026-07-04 00:00:00,2026-07-05 00:00:00,ITSM,Access,,Report a problem,Sales,Within SLA,Network Ops,chat,,true,,,
ITSM-2144,310144,Service Request,Laptop running slow,See summary; standard request.,Highest,In Progress,,Rajesh Krishnan,Faizal Chen,07/07/2026,2026-07-08 00:00:00,2026-07-09 00:00:00,ITSM,Email,,Request access,IT,Within SLA,Field Support,email,High,false,3.0h,,
ITSM-2145,310145,Incident,Software install request,See summary; standard request.,High,Waiting for customer,,Grace Nair,Aisha Raj,2026-07-06 00:00:00,2026-07-07 00:00:00,2026-07-08 00:00:00,ITSM,Software,,Request access,Legal,Within SLA,Network Ops,portal,High,false,2.0h,,0.76
ITSM-2146,310146,Service Request,Printer offline,See summary; standard request.,Highest,Waiting for customer,,Kevin Das,Marcus Nair,2026-07-04 00:00:00,2026-07-05 00:00:00,2026-07-06 00:00:00,ITSM,Network,,Report a problem,Finance,Within SLA,Network Ops,portal,,false,,,
ITSM-2147,310147,Service Request,Keyboard replacement,See summary; standard request.,Highest,Resolved,Done,Marcus Iyer,Rajesh Krishnan,2026-07-10 00:00:00,2026-07-11 00:00:00,2026-07-12 00:00:00,ITSM,Access,,Request access,HR,Within SLA,Field Support,email,High,false,,,
ITSM-2148,310148,Service Request,Guest wifi issue,See summary; standard request.,Low,In Progress,,James Ismail,Lena Ncube,Jul 12 2026,2026-07-13 00:00:00,2026-07-14 00:00:00,ITSM,Hardware,,Get IT help,Ops,Within SLA,Network Ops,chat,Low,false,,,
ITSM-2149,310149,Incident,Mailbox full,See summary; standard request.,High,Waiting for support,,Faizal Das,Faizal Das,2026-07-15 00:00:00,2026-07-16 00:00:00,2026-07-17 00:00:00,ITSM,Hardware,,Get IT help,Ops,Within SLA,Service Desk,email,Medium,false,8.0h,,0.80
ITSM-2150,310150,Incident,Mailbox full,See summary; standard request.,High,Waiting for support,,Siti Lee,Ravi Ismail,2026-07-09 00:00:00,2026-07-10 00:00:00,2026-07-11 00:00:00,ITSM,Hardware,,Request access,IT,Within SLA,App Support,portal,Medium,false,,,
ITSM-2151,310151,Incident,Shared drive access,See summary; standard request.,High,Waiting for customer,,Wei Yeoh,Lena Ncube,2026-07-10 00:00:00,2026-07-11 00:00:00,2026-07-12 00:00:00,ITSM,Software,,Report a problem,Ops,Within SLA,Network Ops,chat,Medium,false,,,0.96
ITSM-2152,310152,Incident,Laptop running slow,See summary; standard request.,Highest,In Progress,,Lakshmi Goh,Omar Ncube,2026-07-03 00:00:00,2026-07-04 00:00:00,2026-07-05 00:00:00,ITSM,Software,,Get IT help,Finance,Within SLA,Field Support,email,,false,2.0h,,0.55
ITSM-2153,310153,Incident,Software install request,See summary; standard request.,Highest,Waiting for customer,,Wei Yeoh,Priya Wong,2026-07-13 00:00:00,2026-07-14 00:00:00,2026-07-15 00:00:00,ITSM,Hardware,,Get IT help,IT,Within SLA,Network Ops,portal,High,true,,,0.89
ITSM-2154,310154,Service Request,Monitor flickering,See summary; standard request.,Medium,Waiting for customer,,Kevin Hassan,Zara Krishnan,2026-07-09 00:00:00,2026-07-10 00:00:00,2026-07-11 00:00:00,ITSM,Network,,Request access,Ops,Within SLA,App Support,email,,true,,,
ITSM-2155,310155,Service Request,Shared drive access,See summary; standard request.,Highest,Open,,Hakim Gopal,Kumar Tan,2026-07-04 00:00:00,2026-07-05 00:00:00,2026-07-06 00:00:00,ITSM,Email,,Report a problem,Finance,Within SLA,App Support,chat,,false,,,0.67
ITSM-2156,310156,Incident,Guest wifi issue,See summary; standard request.,Low,Waiting for support,,David Ng,Suki Cheng,2026-07-08 00:00:00,2026-07-09 00:00:00,2026-07-10 00:00:00,ITSM,Hardware,,Request access,HR,At risk,Network Ops,portal,,false,8.0h,,0.68
ITSM-2157,310157,Incident,Software install request,See summary; standard request.,Highest,In Progress,,Anjali Tan,Grace Ho,2026-07-14 00:00:00,2026-07-15 00:00:00,2026-07-16 00:00:00,ITSM,Network,,Get IT help,Ops,Within SLA,Network Ops,email,High,false,3.0h,,
ITSM-2158,310158,Service Request,Printer offline,See summary; standard request.,Low,In Progress,,James Ismail,Faizal Das,2026-07-14 00:00:00,2026-07-15 00:00:00,2026-07-16 00:00:00,ITSM,Email,,Get IT help,Ops,Within SLA,App Support,chat,Medium,false,2.0h,,0.74
ITSM-2159,310159,Incident,Shared drive access,See summary; standard request.,High,Resolved,Done,Tariq Lim,Farah Tan,06/07/2026,2026-07-07 00:00:00,2026-07-08 00:00:00,ITSM,Access,,Request access,Ops,Breached,Field Support,email,High,false,8.0h,,0.62
ITSM-2160,310160,Incident,Shared drive access,See summary; standard request.,Low,In Progress,,Faizal Iyer,Jaya Teo,2026-07-03 00:00:00,2026-07-04 00:00:00,2026-07-05 00:00:00,ITSM,Network,,Get IT help,HR,Within SLA,Network Ops,portal,Medium,false,0.5h,,0.76
ITSM-2161,310161,Service Request,Keyboard replacement,See summary; standard request.,Low,Waiting for support,,Zara Krishnan,Faizal Das,2026-07-06 00:00:00,2026-07-07 00:00:00,2026-07-08 00:00:00,ITSM,Email,,Get IT help,Ops,Within SLA,App Support,email,Medium,false,2.0h,,0.79
ITSM-2162,310162,Service Request,Keyboard replacement,See summary; standard request.,Medium,Waiting for support,,Grace Ncube,Mei Lee,Jul 09 2026,2026-07-10 00:00:00,2026-07-11 00:00:00,ITSM,Software,,Report a problem,HR,Within SLA,Network Ops,portal,Low,false,,,0.79
ITSM-2163,310163,Service Request,Software install request,See summary; standard request.,High,In Progress,,Mei Abdullah,Faizal Chen,2026-07-15 00:00:00,2026-07-16 00:00:00,2026-07-17 00:00:00,ITSM,Email,,Report a problem,IT,At risk,Network Ops,chat,Medium,false,,,0.63
ITSM-2164,310164,Service Request,MFA device lost,See summary; standard request.,Low,Open,,Wei Goh,Siti Lee,2026-07-13 00:00:00,2026-07-14 00:00:00,2026-07-15 00:00:00,ITSM,Access,,Get IT help,Sales,At risk,App Support,chat,,false,,,0.88
ITSM-2165,310165,Incident,Monitor flickering,See summary; standard request.,Low,Resolved,Done,Omar Ncube,James Teo,2026-07-07 00:00:00,2026-07-08 00:00:00,2026-07-09 00:00:00,ITSM,Network,,Request access,Ops,Within SLA,App Support,chat,Low,false,,,
ITSM-2166,310166,Incident,Laptop running slow,See summary; standard request.,High,Open,,Siti Teo,Uma Das,2026-07-04 00:00:00,2026-07-05 00:00:00,2026-07-06 00:00:00,ITSM,Email,,Get IT help,Legal,At risk,Network Ops,chat,Medium,false,,,
ITSM-2167,310167,Incident,Mailbox full,See summary; standard request.,Medium,In Progress,,Suki Ncube,Ravi Osman,2026-07-05 00:00:00,2026-07-06 00:00:00,2026-07-07 00:00:00,ITSM,Hardware,,Report a problem,IT,At risk,Field Support,chat,Low,true,2.0h,,0.97
ITSM-2168,310168,Incident,Laptop running slow,See summary; standard request.,High,Waiting for customer,,Mei Abdullah,Ismail Cheng,2026-07-08 00:00:00,2026-07-09 00:00:00,2026-07-10 00:00:00,ITSM,Software,,Request access,HR,Within SLA,Service Desk,portal,High,false,,,
ITSM-2169,310169,Service Request,Password reset needed,See summary; standard request.,Medium,In Progress,,Mei Abdullah,Kevin Hassan,2026-07-13 00:00:00,2026-07-14 00:00:00,2026-07-15 00:00:00,ITSM,Access,,Report a problem,IT,Within SLA,Field Support,email,Medium,false,,,0.83
ITSM-2170,310170,Incident,Mailbox full,See summary; standard request.,Low,Waiting for customer,,Wan Teo,Tariq Iyer,2026-07-05 00:00:00,2026-07-06 00:00:00,2026-07-07 00:00:00,ITSM,Email,,Report a problem,Finance,Within SLA,Network Ops,portal,Medium,false,1.0h,,
ITSM-2171,310171,Service Request,Laptop running slow,See summary; standard request.,Medium,In Progress,,Grace Ncube,Yusof Ho,2026-07-10 00:00:00,2026-07-11 00:00:00,2026-07-12 00:00:00,ITSM,Email,,Report a problem,HR,Within SLA,Field Support,,Low,false,3.0h,,
ITSM-2172,310172,Service Request,Guest wifi issue,See summary; standard request.,Medium,Resolved,Done,Hakim Gopal,Zara Krishnan,2026-07-04 00:00:00,2026-07-05 00:00:00,2026-07-06 00:00:00,ITSM,Software,,Get IT help,Ops,At risk,Field Support,email,Low,false,,,
ITSM-2173,310173,Incident,Keyboard replacement,See summary; standard request.,Highest,In Progress,,Kevin Das,Yusof Tan,04/07/2026,2026-07-05 00:00:00,2026-07-06 00:00:00,ITSM,Hardware,,Request access,IT,Within SLA,App Support,portal,High,false,4.0h,,0.98
ITSM-2174,310174,Incident,Monitor flickering,See summary; standard request.,Highest,Resolved,Done,Yusof Ng,Kumar Goh,Jul 15 2026,2026-07-16 00:00:00,2026-07-17 00:00:00,ITSM,Email,,Request access,Ops,Breached,Network Ops,,Critical,true,8.0h,,0.92
ITSM-2175,310175,Incident,Laptop running slow,See summary; standard request.,Medium,Waiting for customer,,Priya Lim,Farah Lee,2026-07-08 00:00:00,2026-07-09 00:00:00,2026-07-10 00:00:00,ITSM,Access,,Get IT help,HR,At risk,Field Support,email,,true,,,
ITSM-2176,310176,Service Request,Printer offline,See summary; standard request.,Medium,Resolved,Done,James Ismail,Kevin Hassan,2026-07-05 00:00:00,2026-07-06 00:00:00,2026-07-07 00:00:00,ITSM,Access,,Request access,IT,Breached,Field Support,chat,High,false,8.0h,,
ITSM-2177,310177,Incident,Software install request,See summary; standard request.,Low,Waiting for customer,,Michael Ong,Michael Ong,2026-07-09 00:00:00,2026-07-10 00:00:00,2026-07-11 00:00:00,ITSM,Network,,Report a problem,Legal,At risk,App Support,email,Low,false,3.0h,,
ITSM-2178,310178,Service Request,Shared drive access,See summary; standard request.,Medium,In Progress,,Tariq Lim,James Ismail,2026-07-08 00:00:00,2026-07-09 00:00:00,2026-07-10 00:00:00,ITSM,Email,,Report a problem,Ops,At risk,App Support,portal,Low,false,,,
ITSM-2179,310179,Incident,Software install request,See summary; standard request.,High,Waiting for support,,Siti Lee,Suki Ncube,2026-07-05 00:00:00,2026-07-06 00:00:00,2026-07-07 00:00:00,ITSM,Access,,Request access,IT,Within SLA,Service Desk,chat,High,false,2.0h,,0.59
ITSM-2180,310180,Incident,MAJOR INCIDENT: Payroll portal outage,Multiple users cannot reach the payroll portal since 09:00; timesheet submission failing org-wide.,Highest,In Progress,,Ravi Menon,Kevin Aziz,2026-07-20 09:03:00,2026-07-20 09:10:00,2026-07-20 11:00:00,ITSM,Network,major-incident,Report a problem,IT,At risk,Network Ops,portal,Critical,false,0.2h,INC-9001,0.95
ITSM-2181,310181,Incident,Cannot submit timesheet,Cannot access the payroll portal to submit my timesheet; page times out.,High,In Progress,,,Kevin Hassan,2026-07-20 09:24:00,2026-07-20 10:24:00,2026-07-20 13:24:00,ITSM,Network,,Report a problem,Sales,Within SLA,Service Desk,chat,Critical,false,0.3h,INC-9001,0.93
ITSM-2182,310182,Incident,Payroll site not loading,Cannot access the payroll portal to submit my timesheet; page times out.,Highest,Waiting for support,,Ravi Menon,Anjali Tan,Jul 20 2026,2026-07-20 10:10:00,2026-07-20 13:10:00,ITSM,Network,,Report a problem,Ops,Within SLA,Network Ops,email,Critical,false,0.3h,INC-9001,0.86
ITSM-2183,310183,Incident,Timesheet submission failing,Cannot access the payroll portal to submit my timesheet; page times out.,High,In Progress,,Noah Fischer,Arun Abdullah,Jul 20 2026,2026-07-20 10:16:00,2026-07-20 13:16:00,ITSM,Network,,Report a problem,Finance,At risk,App Support,email,Critical,false,0.8h,INC-9001,0.90
ITSM-2184,310184,Incident,Cannot access payroll portal,Cannot access the payroll portal to submit my timesheet; page times out.,Medium,Open,,Noah Fischer,Omar Haddad,2026-07-20 09:27:00,2026-07-20 10:27:00,2026-07-20 13:27:00,ITSM,Network,,Report a problem,IT,At risk,Network Ops,chat,Critical,false,1.0h,INC-9001,0.91
ITSM-2185,310185,Incident,Timesheet submission failing,Cannot access the payroll portal to submit my timesheet; page times out.,Highest,Open,,,Faizal Chen,2026-07-20 09:16:00,2026-07-20 10:16:00,2026-07-20 13:16:00,ITSM,Network,,Report a problem,Legal,At risk,Service Desk,portal,High,false,0.5h,INC-9001,0.88
ITSM-2186,310186,Incident,Cannot submit timesheet,Cannot access the payroll portal to submit my timesheet; page times out.,High,In Progress,,Noah Fischer,Devi Ho,Jul 20 2026,2026-07-20 10:13:00,2026-07-20 13:13:00,ITSM,Network,,Report a problem,Executive,At risk,Service Desk,email,Critical,false,1.0h,INC-9001,0.85
ITSM-2187,310187,Incident,Timesheet submission failing,Cannot access the payroll portal to submit my timesheet; page times out.,High,In Progress,,Noah Fischer,Omar Ncube,Jul 20 2026,2026-07-20 10:11:00,2026-07-20 13:11:00,ITSM,Network,,Report a problem,HR,Within SLA,Service Desk,chat,High,false,0.5h,INC-9001,0.93
ITSM-2188,310188,Incident,Cannot submit timesheet,Cannot access the payroll portal to submit my timesheet; page times out.,Highest,In Progress,,Noah Fischer,Priya Ismail,2026-07-20 00:00:00,2026-07-20 10:22:00,2026-07-20 13:22:00,ITSM,Network,,Report a problem,Legal,At risk,Service Desk,portal,Critical,false,0.3h,INC-9001,0.93
ITSM-2189,310189,Incident,Payroll portal down,Cannot access the payroll portal to submit my timesheet; page times out.,Medium,Waiting for support,,,Michael Rahman,2026-07-20 09:08:00,2026-07-20 10:08:00,2026-07-20 13:08:00,ITSM,Network,,Report a problem,IT,Within SLA,App Support,portal,Critical,false,0.8h,INC-9001,0.97
ITSM-2190,310190,Incident,Cannot access payroll portal,Cannot access the payroll portal to submit my timesheet; page times out.,Medium,In Progress,,Noah Fischer,Li Wei,Jul 20 2026,2026-07-20 10:05:00,2026-07-20 13:05:00,ITSM,Network,,Report a problem,Executive,Within SLA,Network Ops,chat,Critical,false,0.5h,INC-9001,0.88
ITSM-2191,310191,Incident,Timesheet submission failing,Cannot access the payroll portal to submit my timesheet; page times out.,Medium,Open,,,Farah Lee,Jul 20 2026,2026-07-20 10:28:00,2026-07-20 13:28:00,ITSM,Network,,Report a problem,IT,Within SLA,Service Desk,email,Critical,false,0.5h,INC-9001,0.89
ITSM-2192,310192,Incident,Cannot access payroll portal,Cannot access the payroll portal to submit my timesheet; page times out.,Medium,Waiting for support,,Noah Fischer,Michael Chen,Jul 20 2026,2026-07-20 10:29:00,2026-07-20 13:29:00,ITSM,Network,,Report a problem,IT,At risk,Field Support,chat,High,false,0.3h,INC-9001,0.84
ITSM-2193,310193,Incident,Cannot access payroll portal,Cannot access the payroll portal to submit my timesheet; page times out.,Medium,Waiting for support,,Ravi Menon,Marcus Iyer,2026-07-20 09:23:00,2026-07-20 10:23:00,2026-07-20 13:23:00,ITSM,Network,,Report a problem,Executive,At risk,Service Desk,portal,Critical,false,0.5h,INC-9001,0.85
ITSM-2194,310194,Incident,Payroll portal down,Cannot access the payroll portal to submit my timesheet; page times out.,Medium,In Progress,,,Devi Kumar,2026-07-20 00:00:00,2026-07-20 10:24:00,2026-07-20 13:24:00,ITSM,Network,,Report a problem,Ops,Within SLA,App Support,portal,Critical,false,1.0h,INC-9001,0.95
ITSM-2195,310195,Incident,Payroll portal down,Cannot access the payroll portal to submit my timesheet; page times out.,High,Open,,Noah Fischer,Tariq Iyer,2026-07-20 09:19:00,2026-07-20 10:19:00,2026-07-20 13:19:00,ITSM,Network,,Report a problem,IT,At risk,Service Desk,email,High,false,0.3h,INC-9001,0.84
ITSM-2196,310196,Incident,Cannot access payroll portal,Cannot access the payroll portal to submit my timesheet; page times out.,Medium,Open,,Noah Fischer,Aisha Raj,2026-07-20 00:00:00,2026-07-20 10:06:00,2026-07-20 13:06:00,ITSM,Network,,Report a problem,Sales,Within SLA,Service Desk,portal,High,false,1.0h,INC-9001,0.84
ITSM-2197,310197,Incident,Payroll portal down,Cannot access the payroll portal to submit my timesheet; page times out.,High,Open,,,Priya Wong,2026-07-20 00:00:00,2026-07-20 10:20:00,2026-07-20 13:20:00,ITSM,Network,,Report a problem,HR,Within SLA,App Support,chat,Critical,false,0.3h,INC-9001,0.91
ITSM-2198,310198,Incident,Cannot access payroll portal,Cannot access the payroll portal to submit my timesheet; page times out.,Highest,In Progress,,Noah Fischer,Grace Ho,2026-07-20 09:25:00,2026-07-20 10:25:00,2026-07-20 13:25:00,ITSM,Network,,Report a problem,Executive,At risk,Service Desk,email,High,false,1.0h,INC-9001,0.82
ITSM-2199,310199,Incident,SSO loop on dashboard login,Users report SSO login loop on the analytics dashboard since token service restart.,High,In Progress,,Noah Fischer,Priya Ismail,2026-07-22 10:00:00,2026-07-22 10:20:00,2026-07-22 14:00:00,ITSM,Access,known-error,Get IT help,IT,At risk,App Support,portal,High,false,0.4h,INC-9002,0.90
ITSM-2200,310200,Incident,SSO loop on dashboard login,Login keeps looping back to SSO; cannot reach the dashboard.,High,Waiting for support,,,Devi Ho,2026-07-22 10:16:00,2026-07-22 11:16:00,2026-07-22 16:16:00,ITSM,Access,,Get IT help,Executive,Within SLA,App Support,chat,Medium,false,0.5h,INC-9002,0.86
ITSM-2201,310201,Incident,SSO loop on dashboard login,Login keeps looping back to SSO; cannot reach the dashboard.,Medium,Open,,,Noah Fischer,2026-07-22 10:39:00,2026-07-22 11:39:00,2026-07-22 16:39:00,ITSM,Access,,Get IT help,Executive,Within SLA,App Support,email,High,false,1.0h,INC-9002,0.83
ITSM-2202,310202,Incident,SSO loop on dashboard login,Login keeps looping back to SSO; cannot reach the dashboard.,Medium,Open,,,Wan Goh,2026-07-22 10:30:00,2026-07-22 11:30:00,2026-07-22 16:30:00,ITSM,Access,,Get IT help,IT,At risk,App Support,chat,High,false,1.0h,INC-9002,0.82
ITSM-2203,310203,Incident,SSO loop on dashboard login,Login keeps looping back to SSO; cannot reach the dashboard.,High,Open,,,Poh Aziz,2026-07-22 10:40:00,2026-07-22 11:40:00,2026-07-22 16:40:00,ITSM,Access,,Get IT help,Legal,Within SLA,App Support,email,Medium,false,1.5h,INC-9002,0.80
ITSM-2204,310204,Incident,SSO loop on dashboard login,Login keeps looping back to SSO; cannot reach the dashboard.,High,Open,,,Farah Tan,2026-07-22 10:08:00,2026-07-22 11:08:00,2026-07-22 16:08:00,ITSM,Access,,Get IT help,Finance,Within SLA,App Support,email,Medium,false,1.5h,INC-9002,0.76
ITSM-2205,310205,Incident,SSO loop on dashboard login,Login keeps looping back to SSO; cannot reach the dashboard.,High,Open,,,Uma Das,2026-07-22 10:20:00,2026-07-22 11:20:00,2026-07-22 16:20:00,ITSM,Access,,Get IT help,Ops,Within SLA,App Support,portal,Medium,false,1.0h,INC-9002,0.86
ITSM-2206,310206,Service Request,New hire cannot access ERP,"Provisioning request for ERP raised days ago, bounced between teams, still not granted.",Medium,Waiting for support,,,Uma Das,2026-07-19 09:00:00,2026-07-22 09:00:00,2026-07-20 09:00:00,ITSM,Access,misrouted;aging,Request access,Finance,Breached,Field Support,email,High,false,,,0.55
ITSM-2207,310207,Service Request,New hire cannot access ERP,"Provisioning request for ERP raised days ago, bounced between teams, still not granted.",Medium,Waiting for support,,,Grace Iyer,2026-07-19 10:00:00,2026-07-22 10:00:00,2026-07-20 10:00:00,ITSM,Access,misrouted;aging,Request access,Ops,Breached,Field Support,email,High,false,,,0.55
ITSM-2208,310208,Service Request,New hire cannot access ERP,"Provisioning request for ERP raised days ago, bounced between teams, still not granted.",Medium,Waiting for support,,,Kumar Goh,2026-07-19 11:00:00,2026-07-22 11:00:00,2026-07-20 11:00:00,ITSM,Access,misrouted;aging,Request access,Legal,Breached,App Support,email,High,false,,,0.55
ITSM-2209,310209,Incident,Cannot access board reporting dashboard,VIP cannot open the board dashboard before tomorrow's meeting; login loops. Raised after hours.,Highest,Waiting for support,,,Kenji Tanaka,2026-07-24 19:42:00,2026-07-24 19:47:00,2026-07-24 20:00:00,ITSM,Access,vip;after-hours,Report a problem,Executive,At risk,Service Desk,email,Critical,false,,,0.60
ITSM-2210,310210,Incident,Cannot access board reporting dashboard,VIP cannot open the board dashboard before tomorrow's meeting; login loops. Raised after hours.,Highest,Waiting for support,,,Tariq Lim,2026-07-23 20:15:00,2026-07-23 20:20:00,2026-07-23 20:30:00,ITSM,Access,vip;after-hours,Report a problem,Executive,At risk,Service Desk,email,Critical,false,,,0.60
ITSM-2211,310211,Service Request,VPN drops after update,Fix requires NIC driver rollback in production; change approval needed before applying.,High,Waiting for support,,Ravi Menon,Chloe Ncube,2026-07-18 11:00:00,2026-07-18 13:00:00,2026-07-19 11:00:00,ITSM,Network,change-required,Get IT help,Sales,At risk,Network Ops,portal,Medium,false,1.0h,,0.70
ITSM-2212,310212,Service Request,VPN drops after update,Fix requires NIC driver rollback in production; change approval needed before applying.,High,Waiting for support,,Ravi Menon,Zara Musa,2026-07-18 13:00:00,2026-07-18 15:00:00,2026-07-19 13:00:00,ITSM,Network,change-required,Get IT help,Legal,At risk,Network Ops,portal,Medium,false,1.0h,,0.70
ITSM-2213,310213,Service Request,VPN drops after update,Fix requires NIC driver rollback in production; change approval needed before applying.,High,Waiting for support,,Ravi Menon,Rajesh Krishnan,2026-07-18 15:00:00,2026-07-18 17:00:00,2026-07-19 15:00:00,ITSM,Network,change-required,Get IT help,Legal,At risk,Network Ops,portal,Medium,false,1.0h,,0.70
ITSM-2214,310214,Incident,Email quota exceeded blocks send/receive,Auto-remediation applied quota increase; job failed and was rolled back. Awaiting manual fix.,High,In Progress,,Noah Fischer,Noah Fischer,2026-07-17 13:00:00,2026-07-17 18:00:00,2026-07-18 13:00:00,ITSM,Email,rollback;reopened,Report a problem,IT,Breached,App Support,chat,High,true,0.8h,,0.45
ITSM-2215,310215,Incident,Email quota exceeded blocks send/receive,Auto-remediation applied quota increase; job failed and was rolled back. Awaiting manual fix.,High,In Progress,,Noah Fischer,Arun Tan,2026-07-17 16:00:00,2026-07-17 21:00:00,2026-07-18 16:00:00,ITSM,Email,rollback;reopened,Report a problem,HR,Breached,App Support,chat,High,true,0.8h,,0.45
ITSM-2216,310216,Incident,Email quota exceeded blocks send/receive,Auto-remediation applied quota increase; job failed and was rolled back. Awaiting manual fix.,High,In Progress,,Noah Fischer,Ismail Cheng,2026-07-17 19:00:00,2026-07-18 00:00:00,2026-07-18 19:00:00,ITSM,Email,rollback;reopened,Report a problem,Finance,Breached,App Support,chat,High,true,0.8h,,0.45
ITSM-2217,310217,Service Request,Password reset needed,See summary; standard request.,Medium,Open,,,Mei Lee,2026-07-21 14:27:00,2026-07-21 15:27:00,2026-07-23 14:27:00,ITSM,Network,,Report a problem,Legal,Within SLA,Network Ops,email,Low,false,,,0.88
ITSM-2218,310218,Service Request,Password reset needed,"See summary; standard request. (submitted again, no response yet)",Medium,Open,,,Mei Lee,2026-07-21 14:39:00,2026-07-21 15:27:00,2026-07-23 14:27:00,ITSM,Access,duplicate,Request access,Legal,Within SLA,Service Desk,portal,Low,false,,,0.88
ITSM-2219,310219,Service Request,Password reset needed,See summary; standard request.,Medium,Open,,,Wan Teo,2026-07-21 14:56:00,2026-07-21 15:56:00,2026-07-23 14:56:00,ITSM,Network,,Get IT help,Executive,Within SLA,Network Ops,email,Low,false,,,0.88
ITSM-2220,310220,Service Request,Password reset needed,"See summary; standard request. (submitted again, no response yet)",Medium,Open,,,Wan Teo,2026-07-21 15:08:00,2026-07-21 15:56:00,2026-07-23 14:56:00,ITSM,Email,duplicate,Request access,Sales,Within SLA,Network Ops,portal,Low,false,,,0.88
ITSM-2221,310221,Service Request,MFA device lost,See summary; standard request.,Medium,Open,,,James Teo,2026-07-21 16:00:00,2026-07-21 17:00:00,2026-07-23 16:00:00,ITSM,Network,,Report a problem,IT,Within SLA,Service Desk,email,Low,false,,,0.88
ITSM-2222,310222,Service Request,MFA device lost,"See summary; standard request. (submitted again, no response yet)",Medium,Open,,,James Teo,2026-07-21 16:12:00,2026-07-21 17:00:00,2026-07-23 16:00:00,ITSM,Network,duplicate,Request access,Finance,Within SLA,Service Desk,portal,Low,false,,,0.88
ITSM-2223,310223,Incident,Cannot access payroll portal,Cannot access the payroll portal to submit my timesheet; access denied.,High,Open,,,Kevin Aziz,2026-07-20 09:12:00,2026-07-20 10:12:00,2026-07-20 13:12:00,ITSM,Network,lang-en,Report a problem,Finance,At risk,Service Desk,portal,High,false,,INC-9001,0.72
ITSM-2224,310224,Incident,No puedo acceder al portal de nomina,No puedo acceder al portal de nomina para enviar mi hoja de horas; acceso denegado.,High,Open,,,Sofia Marchetti,2026-07-20 09:15:00,2026-07-20 10:15:00,2026-07-20 13:15:00,ITSM,Network,lang-es,Report a problem,Finance,At risk,Service Desk,chat,High,false,,INC-9001,0.72
ITSM-2225,310225,Incident,无法访问薪资门户,无法访问薪资门户提交工时表；访问被拒绝。,High,Open,,,Li Wei,2026-07-20 09:18:00,2026-07-20 10:18:00,2026-07-20 13:18:00,ITSM,Network,lang-zh,Report a problem,Finance,At risk,Service Desk,email,High,false,,INC-9001,0.72
ITSM-2226,310226,Incident,Impossible d'acceder au portail de paie,Impossible d'acceder au portail de paie pour soumettre ma feuille de temps; acces refuse.,High,Open,,,Elodie Laurent,2026-07-20 09:21:00,2026-07-20 10:21:00,2026-07-20 13:21:00,ITSM,Network,lang-fr,Report a problem,Finance,At risk,Service Desk,portal,High,false,,INC-9001,0.72
ITSM-2227,310227,Service Request,New hire cannot access ERP,"Provisioning request for ERP raised 6 days ago, still not granted. New hire blocked.",Medium,Waiting for support,,Anjali Tan,Kevin Hassan,2026-07-15 09:00:00,2026-07-21 09:00:00,2026-07-17 09:00:00,ITSM,Access,aging;stalled,Request access,Ops,At risk,Service Desk,portal,Medium,false,,,0.65
ITSM-2228,310228,Service Request,New hire cannot access ERP,"Provisioning request for ERP raised 6 days ago, still not granted. New hire blocked.",Medium,Waiting for support,,Anjali Tan,Grace Iyer,2026-07-15 10:00:00,2026-07-21 10:00:00,2026-07-17 10:00:00,ITSM,Access,aging;stalled,Request access,Ops,At risk,Service Desk,portal,Medium,false,,,0.65
ITSM-2229,310229,Service Request,VPN drops after update,VPN disconnects every few minutes since the latest Windows security update. Same as colleagues.,High,Waiting for support,,Ravi Menon,Kevin Hassan,Jul 16 2026,2026-07-17 08:00:00,2026-07-18 08:00:00,ITSM,Network,aging,Get IT help,Executive,Within SLA,Network Ops,email,Low,false,2.0h,,0.92
ITSM-2230,310230,Service Request,VPN drops after update,VPN disconnects every few minutes since the latest Windows security update. Same as colleagues.,Medium,In Progress,,,Ismail Raj,16/07/2026,2026-07-17 09:00:00,2026-07-18 09:00:00,ITSM,Network,aging,Get IT help,HR,At risk,Network Ops,email,Low,false,3.0h,,0.94
ITSM-2231,310231,Incident,VPN drops after update,VPN disconnects every few minutes since the latest Windows security update. Same as colleagues.,High,In Progress,,Ravi Menon,Kevin Das,2026-07-16 00:00:00,2026-07-17 10:00:00,2026-07-18 10:00:00,ITSM,Network,aging,Get IT help,IT,Within SLA,Network Ops,chat,Low,false,2.0h,,0.83
ITSM-2232,310232,Incident,VPN drops after update,VPN disconnects every few minutes since the latest Windows security update. Same as colleagues.,Low,Open,,,Ismail Cheng,16/07/2026,2026-07-17 11:00:00,2026-07-18 11:00:00,ITSM,Network,aging,Get IT help,Ops,At risk,Network Ops,email,Low,false,2.0h,,0.80
ITSM-2233,310233,Service Request,VPN drops after update,VPN disconnects every few minutes since the latest Windows security update. Same as colleagues.,Highest,In Progress,,Ravi Menon,Ravi Ismail,2026-07-16 00:00:00,2026-07-17 12:00:00,2026-07-18 12:00:00,ITSM,Network,aging,Get IT help,Executive,At risk,Network Ops,chat,Low,false,2.0h,,0.83
ITSM-2234,310234,Service Request,VPN drops after update,VPN disconnects every few minutes since the latest Windows security update. Same as colleagues.,High,Open,,Ravi Menon,Omar Ncube,2026-07-16 00:00:00,2026-07-17 13:00:00,2026-07-18 13:00:00,ITSM,Network,aging,Get IT help,Sales,At risk,Network Ops,chat,Medium,false,2.0h,,0.93
ITSM-2235,310235,Service Request,VPN drops after update,VPN disconnects every few minutes since the latest Windows security update. Same as colleagues.,High,In Progress,,,Li Wei,16/07/2026,2026-07-17 14:00:00,2026-07-18 14:00:00,ITSM,Network,aging,Get IT help,Legal,At risk,Network Ops,email,Medium,false,1.0h,,0.89
ITSM-2236,310236,Service Request,VPN drops after update,VPN disconnects every few minutes since the latest Windows security update. Same as colleagues.,Low,Waiting for support,,,Ismail Cheng,16/07/2026,2026-07-17 15:00:00,2026-07-18 15:00:00,ITSM,Network,aging,Get IT help,Executive,Within SLA,Network Ops,chat,High,false,3.0h,,0.82
ITSM-2237,310237,Incident,VPN drops after update,VPN disconnects every few minutes since the latest Windows security update. Same as colleagues.,High,Waiting for support,,,Uma Ong,16/07/2026,2026-07-17 16:00:00,2026-07-18 16:00:00,ITSM,Network,aging,Get IT help,Executive,At risk,Network Ops,chat,Medium,false,1.0h,,0.94
ITSM-2238,310238,Service Request,VPN drops after update,VPN disconnects every few minutes since the latest Windows security update. Same as colleagues.,High,In Progress,,Ravi Menon,Diego Santos,Jul 16 2026,2026-07-17 17:00:00,2026-07-18 17:00:00,ITSM,Network,aging,Get IT help,Finance,Within SLA,Network Ops,portal,Medium,false,2.0h,,0.86
ITSM-2239,310239,Service Request,Software install request,See summary; standard request.,Medium,Waiting for support,,Siti Teo,Liam Contractor,2026-07-19 00:00:00,2026-07-20 10:00:00,2026-07-21 10:00:00,ITSM,Hardware,,Get IT help,Sales,Within SLA,Field Support,chat,Low,false,,,
ITSM-2240,310240,Service Request,Software install request,See summary; standard request.,High,Waiting for support,,Kevin Das,External Vendor,2026-07-19 00:00:00,2026-07-20 10:00:00,2026-07-21 10:00:00,ITSM,Email,,Get IT help,Sales,At risk,App Support,chat,Medium,false,,,
ITSM-2241,310241,Service Request,Network issue,See summary; standard request.,Medium,Waiting for customer,,Zara Krishnan,Temp Staff01,2026-07-19 00:00:00,2026-07-20 10:00:00,2026-07-21 10:00:00,ITSM,Access,,Get IT help,IT,At risk,Field Support,email,Low,false,,,
ITSM-2242,310242,Service Request,Monitor flickering,See summary; standard request.,Low,Waiting for support,,Wan Teo,Zara Krishnan,2026-07-24 00:00:00,2026-07-25 12:15:00,2026-07-26 12:15:00,ITSM,Software,,Request access,Ops,Within SLA,Service Desk,chat,Low,true,3.0h,,
ITSM-2243,310243,Service Request,MFA device lost,See summary; standard request.,Medium,Resolved,Done,Arun Lim,Nadia Iyer,2026-07-04 00:00:00,2026-07-05 16:15:00,2026-07-06 16:15:00,ITSM,Hardware,aging,Request access,Executive,At risk,Service Desk,portal,Medium,false,2.0h,,0.86
ITSM-2244,310244,Incident,Shared drive access,See summary; standard request.,Low,Resolved,Done,Arun Nair,Lena Iyer,2026-07-19 15:15:00,2026-07-20 15:15:00,2026-07-21 15:15:00,ITSM,Network,aging,Request access,IT,Breached,Service Desk,email,High,true,1.0h,,
ITSM-2245,310245,Service Request,Network issue,See summary; standard request.,High,Open,Done,Omar Haddad,Siti Teo,Jul 21 2026,2026-07-22 08:45:00,2026-07-23 08:45:00,ITSM,Access,aging,Report a problem,Finance,At risk,Network Ops,chat,High,false,1.0h,,0.67
ITSM-2246,310246,Service Request,Shared drive access,See summary; standard request.,Medium,Resolved,Done,Rajesh Krishnan,Wan Goh,2026-07-05 00:00:00,2026-07-06 18:45:00,2026-07-07 18:45:00,ITSM,Email,,Request access,Ops,Within SLA,Network Ops,chat,Low,false,2.0h,,
ITSM-2247,310247,Incident,MFA device lost,See summary; standard request.,Medium,Waiting for customer,,Uma Das,Zara Krishnan,2026-07-03 00:00:00,2026-07-04 11:15:00,2026-07-05 11:15:00,ITSM,Software,,Get IT help,Sales,Within SLA,App Support,portal,Low,false,1.5h,,0.62
ITSM-2248,310248,Incident,Keyboard replacement,See summary; standard request.,Low,In Progress,,Devi Kumar,Tariq Lim,2026-07-05 00:00:00,2026-07-06 17:15:00,2026-07-07 17:15:00,ITSM,Hardware,,Request access,Ops,Breached,Field Support,chat,High,true,,,0.56
ITSM-2249,310249,Service Request,Mailbox full,See summary; standard request.,Low,Waiting for support,,Uma Das,Devi Ho,2026-07-17 14:30:00,2026-07-18 14:30:00,2026-07-19 14:30:00,ITSM,Network,,Get IT help,Ops,At risk,Network Ops,chat,Low,true,0.5h,,0.69
ITSM-2250,310250,Service Request,Mailbox full,See summary; standard request.,Highest,Resolved,Done,Hui Yeoh,Michael Chen,2026-07-18,2026-07-19 16:15:00,2026-07-20 16:15:00,ITSM,Network,,Request access,Ops,At risk,Network Ops,chat,High,false,,,0.75
ITSM-2251,310251,Incident,Laptop running slow,See summary; standard request.,Highest,Waiting for support,Done,Kumar Tan,Mei Lee,2026-07-06 00:00:00,2026-07-07 16:15:00,2026-07-08 16:15:00,ITSM,Access,aging,Report a problem,Executive,At risk,Network Ops,chat,Critical,true,,,
ITSM-2252,310252,Incident,Monitor flickering,See summary; standard request.,High,Open,,Wan Teo,Wei Yeoh,2026-07-18 00:00:00,2026-07-19 15:30:00,2026-07-20 15:30:00,ITSM,Hardware,,Get IT help,HR,At risk,App Support,chat,Medium,false,1.0h,,
ITSM-2253,310253,Incident,Laptop running slow,See summary; standard request.,Low,Waiting for customer,,,Omar Haddad,21/07/2026,2026-07-22 14:30:00,2026-07-23 14:30:00,ITSM,Email,aging,Request access,IT,Breached,Service Desk,email,High,false,,,0.62
ITSM-2254,310254,Incident,Laptop running slow,See summary; standard request.,High,Waiting for support,,Hakim Gopal,Marcus Iyer,2026-07-25,2026-07-26 15:00:00,2026-07-27 15:00:00,ITSM,Email,,Request access,IT,Breached,App Support,email,High,true,4.0h,,
ITSM-2255,310255,Service Request,Printer offline,See summary; standard request.,Low,Open,,Arun Abdullah,Faizal Iyer,Jul 11 2026,2026-07-12 16:45:00,2026-07-13 16:45:00,ITSM,Access,aging,Get IT help,Sales,At risk,App Support,,Medium,false,6.0h,,0.80
ITSM-2256,310256,Service Request,Shared drive access,See summary; standard request.,High,Resolved,Done,David Ng,Faizal Iyer,2026-07-21 00:00:00,2026-07-22 14:45:00,2026-07-23 14:45:00,ITSM,Network,,Request access,Executive,At risk,Network Ops,email,High,true,1.5h,,0.72
ITSM-2257,310257,Incident,MFA device lost,See summary; standard request.,Highest,In Progress,,Ismail Raj,Nadia Teo,16/07/2026,2026-07-17 08:15:00,2026-07-18 08:15:00,ITSM,Email,aging,Report a problem,Ops,Breached,Network Ops,,Critical,false,,,0.76
ITSM-2258,310258,Service Request,Keyboard replacement,See summary; standard request.,High,In Progress,,Ismail Raj,Zara Krishnan,2026-07-23,2026-07-24 10:45:00,2026-07-25 10:45:00,ITSM,Email,,Report a problem,Legal,At risk,Field Support,email,High,true,,,0.87
ITSM-2259,310259,Service Request,Keyboard replacement,See summary; standard request.,Highest,In Progress,Done,Kumar Goh,Poh Aziz,2026-07-07 15:45:00,2026-07-08 15:45:00,2026-07-09 15:45:00,ITSM,Access,aging,Report a problem,Ops,At risk,Field Support,portal,Critical,true,,,0.57
ITSM-2260,310260,Service Request,Mailbox full,See summary; standard request.,Highest,Waiting for support,Done,Grace Iyer,Wan Teo,2026-07-06 00:00:00,2026-07-07 16:45:00,2026-07-08 16:45:00,ITSM,Hardware,,Get IT help,IT,Breached,Service Desk,portal,High,false,4.0h,,
ITSM-2261,310261,Incident,MFA device lost,See summary; standard request.,Highest,Open,,Farah Tan,Arun Abdullah ,2026-07-10 00:00:00,2026-07-11 09:45:00,2026-07-12 09:45:00,ITSM,Hardware,,Request access,Finance,Within SLA,Service Desk,portal,High,false,1.0h,,
ITSM-2262,310262,Incident,Monitor flickering,See summary; standard request.,Medium,In Progress,,James Ismail,Ismail Cheng,Jul 17 2026,2026-07-18 12:00:00,2026-07-19 12:00:00,ITSM,Email,,Get IT help,Legal,Within SLA,Network Ops,chat,Low,true,1.5h,,0.68
ITSM-2263,310263,Incident,Software install request,See summary; standard request.,High,Resolved,Done,Ismail Cheng,Omar Ncube,11/07/2026,2026-07-12 08:00:00,2026-07-13 08:00:00,ITSM,Software,,Get IT help,Ops,Within SLA,Network Ops,portal,High,false,6.0h,,0.91
ITSM-2264,310264,Service Request,Shared drive access,See summary; standard request.,High,Waiting for support,,Yusof Tan,Grace Ho,2026-07-26 00:00:00,2026-07-27 14:15:00,2026-07-28 14:15:00,ITSM,Access,aging,Get IT help,Legal,Breached,Network Ops,email,High,false,2.0h,,0.68
ITSM-2265,310265,Service Request,Printer offline,See summary; standard request.,High,In Progress,,Yusof Ng,Wan Goh,Jul 11 2026,2026-07-12 16:00:00,2026-07-13 16:00:00,ITSM,Hardware,,Get IT help,HR,Breached,Network Ops,portal,High,false,,,
ITSM-2266,310266,Service Request,Printer offline,See summary; standard request.,Medium,Waiting for support,,Grace Lim,Yusof Ng,2026-07-12 00:00:00,2026-07-13 15:00:00,2026-07-14 15:00:00,ITSM,Network,,Get IT help,Legal,At risk,Service Desk,email,Low,false,3.0h,,0.62
ITSM-2267,310267,Incident,MFA device lost,See summary; standard request.,Low,In Progress,Done,Rajesh Krishnan,Poh Aziz,14/07/2026,2026-07-15 09:30:00,2026-07-16 09:30:00,ITSM,Email,,Get IT help,Ops,At risk,Service Desk,chat,Low,false,,,0.97
ITSM-2268,310268,Service Request,Password reset needed,See summary; standard request.,High,Waiting for support,,Chloe Ncube ,Michael Ong,2026-07-22 00:00:00,2026-07-23 08:30:00,2026-07-24 08:30:00,ITSM,Hardware,aging,Request access,Finance,Within SLA,Network Ops,email,Medium,false,1.0h,,0.56
ITSM-2269,310269,Service Request,Keyboard replacement,See summary; standard request.,Low,Open,Done,Nadia Nair,Devi Kumar,Jul 22 2026,2026-07-23 08:30:00,2026-07-24 08:30:00,ITSM,Hardware,aging,Report a problem,Executive,At risk,Network Ops,portal,Low,false,0.5h,,0.61
ITSM-2270,310270,Incident,Shared drive access,See summary; standard request.,Highest,In Progress,,Devi Kumar,Aiko Sato,Jul 16 2026,2026-07-17 15:15:00,2026-07-18 15:15:00,ITSM,Network,,Get IT help,IT,At risk,Field Support,email,Critical,true,,,0.85
ITSM-2271,310271,Service Request,Shared drive access,See summary; standard request.,High,Open,,Mei Abdullah,Kumar Krishnan,2026-07-14,2026-07-15 18:45:00,2026-07-16 18:45:00,ITSM,Hardware,,Get IT help,Sales,Breached,Field Support,portal,,false,,,0.91
ITSM-2272,310272,Incident,Mailbox full,See summary; standard request.,Medium,Open,,Nadia Ng,Michael Ong,2026-07-25 12:30:00,2026-07-26 12:30:00,2026-07-27 12:30:00,ITSM,Email,,Report a problem,Ops,Within SLA,Service Desk,chat,Medium,false,0.5h,,0.64
ITSM-2273,310273,Service Request,Password reset needed,See summary; standard request.,Highest,Resolved,Done,Noah Fischer,Siti Teo,Jul 24 2026,2026-07-25 09:30:00,2026-07-26 09:30:00,ITSM,Software,,Request access,Finance,Breached,Network Ops,portal,,false,,,
ITSM-2274,310274,Incident,Keyboard replacement,See summary; standard request.,Low,In Progress,,Chloe Ncube,Grace Lim,2026-07-09 10:30:00,2026-07-10 10:30:00,2026-07-11 10:30:00,ITSM,Software,,Get IT help,HR,Within SLA,App Support,chat,Low,true,3.0h,,0.84
ITSM-2275,310275,Service Request,Monitor flickering,See summary; standard request.,Medium,In Progress,,Jaya Teo,Rajesh Krishnan,2026-07-12 00:00:00,2026-07-13 09:45:00,2026-07-14 09:45:00,ITSM,Software,,Get IT help,Finance,Breached,Service Desk,chat,High,false,1.0h,,0.72
ITSM-2276,310276,Service Request,Network issue,See summary; standard request.,Medium,Open,Done,,Kevin Aziz,2026-07-14 00:00:00,2026-07-15 18:15:00,2026-07-16 18:15:00,ITSM,Email,,Get IT help,Legal,At risk,Service Desk,portal,Low,true,,,0.82
ITSM-2277,310277,Service Request,Guest wifi issue,See summary; standard request.,Low,Waiting for customer,Done,Aisha Lim ,Wan Teo,2026-07-17 18:30:00,2026-07-18 18:30:00,2026-07-19 18:30:00,ITSM,Software,aging,Get IT help,Sales,At risk,Service Desk,email,Medium,true,1.5h,,
ITSM-2278,310278,Service Request,Keyboard replacement,See summary; standard request.,High,Open,,Kevin Aziz ,Suki Cheng,Jul 19 2026,2026-07-20 10:00:00,2026-07-21 10:00:00,ITSM,Software,,Report a problem,Legal,Breached,Network Ops,chat,High,true,2.0h,,0.81
ITSM-2279,310279,Incident,Network issue,See summary; standard request.,Medium,Open,Done,Priya Lim,Mei Lee,2026-07-12 12:15:00,2026-07-13 12:15:00,2026-07-14 12:15:00,ITSM,Network,,Request access,Legal,At risk,Service Desk,email,Low,false,0.5h,,0.71
ITSM-2280,310280,Incident,MFA device lost,See summary; standard request.,Low,Waiting for support,,Omar Haddad,Grace Ho,2026-07-18 00:00:00,2026-07-19 11:15:00,2026-07-20 11:15:00,ITSM,Email,,Get IT help,HR,At risk,Network Ops,chat,Low,false,,,0.88
ITSM-2281,310281,Service Request,Password reset needed,See summary; standard request.,Medium,Resolved,Done,Zara Krishnan,Kumar Goh,2026-07-17,2026-07-18 17:30:00,2026-07-19 17:30:00,ITSM,Access,,Get IT help,Ops,Breached,Field Support,chat,,true,,,0.80
ITSM-2282,310282,Incident,Keyboard replacement,See summary; standard request.,Low,Waiting for customer,Done,Siti Lee,David Ng,2026-07-14,2026-07-15 16:00:00,2026-07-16 16:00:00,ITSM,Hardware,,Request access,Ops,At risk,Network Ops,chat,Low,false,1.0h,,0.93
ITSM-2283,310283,Service Request,Shared drive access,See summary; standard request.,Low,Waiting for support,,,Amelia Novak,2026-07-25 00:00:00,2026-07-26 18:30:00,2026-07-27 18:30:00,ITSM,Software,,Report a problem,HR,At risk,App Support,email,,true,0.5h,,0.56
ITSM-2284,310284,Incident,Password reset needed,See summary; standard request.,Medium,Waiting for customer,Done,Uma Ong,Nadia Ng,2026-07-22,2026-07-23 16:00:00,2026-07-24 16:00:00,ITSM,Email,,Request access,Executive,Breached,App Support,chat,,true,,,0.84
ITSM-2285,310285,Service Request,Network issue,See summary; standard request.,High,Open,,Arun Nair,Rajesh Chen,2026-07-14 12:00:00,2026-07-15 12:00:00,2026-07-16 12:00:00,ITSM,Software,aging,Report a problem,Legal,Within SLA,Service Desk,chat,,false,1.5h,,0.63
ITSM-2286,310286,Service Request,Guest wifi issue,See summary; standard request.,Highest,Resolved,Done,Lena Iyer,Noah Fischer,04/07/2026,2026-07-05 13:30:00,2026-07-06 13:30:00,ITSM,Hardware,,Report a problem,HR,At risk,App Support,chat,High,false,6.0h,,0.67
ITSM-2287,310287,Service Request,Guest wifi issue,See summary; standard request.,Medium,Waiting for customer,,Suki Cheng,Kumar Tan,Jul 05 2026,2026-07-06 14:00:00,2026-07-07 14:00:00,ITSM,Network,aging,Request access,Sales,Breached,Network Ops,chat,,true,,,0.86
ITSM-2288,310288,Service Request,Mailbox full,See summary; standard request.,Highest,Waiting for support,,Zara Musa,Wei Yeoh,2026-07-14 00:00:00,2026-07-15 16:15:00,2026-07-16 16:15:00,ITSM,Email,,Get IT help,Legal,Within SLA,App Support,chat,Medium,false,3.0h,,
ITSM-2289,310289,Incident,MFA device lost,See summary; standard request.,Highest,Waiting for support,,Grace Iyer,Grace Nair,2026-07-10,2026-07-11 09:00:00,2026-07-12 09:00:00,ITSM,Hardware,,Get IT help,Executive,Breached,Field Support,email,Critical,false,,,0.85
ITSM-2290,310290,Incident,Printer offline,See summary; standard request.,Medium,Waiting for support,,Hakim Gopal,Omar Ncube,2026-07-20 16:30:00,2026-07-21 16:30:00,2026-07-22 16:30:00,ITSM,Hardware,aging,Get IT help,HR,At risk,App Support,chat,Medium,false,,,0.71
ITSM-2291,310291,Incident,Mailbox full,See summary; standard request.,High,Resolved,Done,Farah Tan,Chloe Ncube,Jul 07 2026,2026-07-08 13:00:00,2026-07-09 13:00:00,ITSM,Email,,Report a problem,Legal,Within SLA,Service Desk,portal,Medium,false,1.5h,,
ITSM-2292,310292,Incident,Shared drive access,See summary; standard request.,Low,Waiting for customer,,Rajesh Chen,Zara Musa,07/07/2026,2026-07-08 18:30:00,2026-07-09 18:30:00,ITSM,Email,,Get IT help,Ops,Breached,App Support,email,High,false,4.0h,,0.70
ITSM-2293,310293,Service Request,Mailbox full,See summary; standard request.,Highest,In Progress,,Kenji Tanaka,James Ismail,2026-07-18,2026-07-19 18:30:00,2026-07-20 18:30:00,ITSM,Network,,Request access,Ops,Within SLA,App Support,portal,High,true,2.0h,,0.70
ITSM-2294,310294,Service Request,Guest wifi issue,See summary; standard request.,Highest,In Progress,,David Ng,Devi Ho,2026-07-10 00:00:00,2026-07-11 10:00:00,2026-07-12 10:00:00,ITSM,Software,aging,Get IT help,HR,Breached,Service Desk,portal,Critical,false,4.0h,,0.88
ITSM-2295,310295,Incident,Mailbox full,See summary; standard request.,Highest,Waiting for customer,Done,Grace Iyer,Michael Rahman,Jul 04 2026,2026-07-05 08:30:00,2026-07-06 08:30:00,ITSM,Hardware,aging,Get IT help,Legal,At risk,Network Ops,portal,High,false,1.5h,,
ITSM-2296,310296,Incident,Mailbox full,See summary; standard request.,Medium,In Progress,Done,Tariq Lim ,Siti Lee,15/07/2026,2026-07-16 13:30:00,2026-07-17 13:30:00,ITSM,Hardware,,Get IT help,Legal,Within SLA,App Support,portal,Medium,false,,,0.75
ITSM-2297,310297,Incident,Printer offline,See summary; standard request.,Highest,Open,,Siti Lee ,Diego Santos,2026-07-18 08:30:00,2026-07-19 08:30:00,2026-07-20 08:30:00,ITSM,Email,aging,Report a problem,Executive,Breached,Service Desk,portal,,false,4.0h,,0.88
ITSM-2298,310298,Service Request,Network issue,See summary; standard request.,Medium,Resolved,Done,Bryan Das,Lakshmi Goh,2026-07-09 08:45:00,2026-07-10 08:45:00,2026-07-11 08:45:00,ITSM,Hardware,,Report a problem,HR,At risk,Field Support,portal,Medium,false,4.0h,,0.85
ITSM-2299,310299,Service Request,Shared drive access,See summary; standard request.,High,In Progress,Done,Kenji Tanaka,Lena Iyer,2026-07-22 00:00:00,2026-07-23 15:15:00,2026-07-24 15:15:00,ITSM,Hardware,aging,Request access,Executive,Within SLA,Service Desk,chat,High,false,,,0.95
ITSM-2300,310300,Incident,Network issue,See summary; standard request.,Highest,In Progress,,Grace Nair,James Teo,Jul 25 2026,2026-07-26 09:30:00,2026-07-27 09:30:00,ITSM,Hardware,,Get IT help,HR,Within SLA,Network Ops,portal,Medium,false,,,0.80
ITSM-2301,310301,Incident,MFA device lost,See summary; standard request.,Highest,Resolved,Done,Faizal Iyer,Noah Fischer,Jul 03 2026,2026-07-04 16:15:00,2026-07-05 16:15:00,ITSM,Access,,Request access,Executive,Breached,App Support,portal,High,false,,,0.83
ITSM-2302,310302,Service Request,MFA device lost,See summary; standard request.,Low,Waiting for customer,Done,Farah Lee,Rajesh Krishnan,04/07/2026,2026-07-05 08:30:00,2026-07-06 08:30:00,ITSM,Network,,Report a problem,Sales,At risk,Field Support,email,Low,false,1.0h,,0.75
ITSM-2303,310303,Service Request,Software install request,See summary; standard request.,High,Waiting for customer,Done,Priya Ismail,Sofia Marchetti,Jul 08 2026,2026-07-09 17:45:00,2026-07-10 17:45:00,ITSM,Software,,Get IT help,Legal,Within SLA,Service Desk,chat,,false,0.5h,,
ITSM-2304,310304,Service Request,Keyboard replacement,See summary; standard request.,High,Waiting for customer,Done,Kumar Tan,Grace Das,Jul 17 2026,2026-07-18 12:15:00,2026-07-19 12:15:00,ITSM,Hardware,,Report a problem,Sales,Breached,Network Ops,portal,High,false,,,0.76
ITSM-2305,310305,Service Request,Laptop running slow,See summary; standard request.,Medium,Waiting for customer,,Faizal Iyer,James Teo,2026-07-05 00:00:00,2026-07-06 17:00:00,2026-07-07 17:00:00,ITSM,Hardware,aging,Get IT help,IT,Breached,App Support,email,High,false,4.0h,,
ITSM-2306,310306,Service Request,Keyboard replacement,See summary; standard request.,Medium,Open,,Ismail Cheng,Wan Teo ,2026-07-26 08:45:00,2026-07-27 08:45:00,2026-07-28 08:45:00,ITSM,Hardware,,Request access,HR,Breached,App Support,email,High,false,0.5h,,0.58
ITSM-2307,310307,Incident,Guest wifi issue,See summary; standard request.,Highest,Waiting for customer,,Uma Ong,Aiko Sato,2026-07-23 00:00:00,2026-07-24 13:00:00,2026-07-25 13:00:00,ITSM,Access,,Report a problem,Executive,Breached,App Support,email,High,false,2.0h,,0.78
ITSM-2308,310308,Incident,Password reset needed,See summary; standard request.,Low,Waiting for customer,,Nadia Teo,Li Wei,2026-07-10 00:00:00,2026-07-11 11:00:00,2026-07-12 11:00:00,ITSM,Email,,Get IT help,Finance,At risk,Field Support,email,Medium,false,,,0.78
ITSM-2309,310309,Service Request,MFA device lost,See summary; standard request.,High,In Progress,,Grace Nair,Siti Lee,Jul 24 2026,2026-07-25 16:15:00,2026-07-26 16:15:00,ITSM,Email,aging,Report a problem,Executive,Within SLA,Service Desk,chat,Medium,false,4.0h,,0.89
ITSM-2310,310310,Incident,Software install request,See summary; standard request.,Medium,Waiting for customer,,Zara Musa,Nurul Osman,Jul 17 2026,2026-07-18 08:45:00,2026-07-19 08:45:00,ITSM,Email,,Report a problem,Ops,At risk,Service Desk,email,Low,false,1.5h,,
ITSM-2311,310311,Service Request,Guest wifi issue,See summary; standard request.,Highest,Open,,Ismail Raj,Priya Lim,2026-07-12 00:00:00,2026-07-13 08:15:00,2026-07-14 08:15:00,ITSM,Hardware,,Report a problem,Legal,Within SLA,Field Support,chat,Medium,false,,,0.83
ITSM-2312,310312,Service Request,Guest wifi issue,See summary; standard request.,Highest,Waiting for customer,,Wan Goh,Hakim Gopal,2026-07-26 10:00:00,2026-07-27 10:00:00,2026-07-28 10:00:00,ITSM,Network,,Report a problem,Sales,At risk,App Support,chat,High,false,,,0.96
ITSM-2313,310313,Service Request,Network issue,See summary; standard request.,Low,Open,,Ravi Menon,Siti Lee,2026-07-19,2026-07-20 08:00:00,,ITSM,Email,aging,Report a problem,IT,At risk,Field Support,portal,Low,false,,,0.58
ITSM-2314,310314,Incident,Monitor flickering,See summary; standard request.,Low,Open,,Ismail Cheng,Yusof Ho,2026-07-03 00:00:00,2026-07-04 16:45:00,2026-07-05 16:45:00,ITSM,Software,,Report a problem,HR,Breached,App Support,chat,High,true,1.5h,,0.58
ITSM-2315,310315,Service Request,Software install request,See summary; standard request.,Low,Waiting for support,,Uma Das,Zara Musa,2026-07-04,2026-07-05 18:00:00,2026-07-06 18:00:00,ITSM,Network,,Report a problem,Executive,At risk,Field Support,portal,,false,3.0h,,0.65
ITSM-2316,310316,Incident,Password reset needed,See summary; standard request.,Medium,In Progress,Done,Ravi Osman,Kumar Goh,2026-07-21 00:00:00,2026-07-22 10:45:00,2026-07-23 10:45:00,ITSM,Software,,Request access,Ops,Breached,Network Ops,portal,High,true,2.0h,,0.61
ITSM-2317,310317,Service Request,MFA device lost,See summary; standard request.,Medium,Resolved,Done,Elodie Laurent,Wan Goh,Jul 13 2026,2026-07-14 08:30:00,2026-07-15 08:30:00,ITSM,Access,aging,Request access,Legal,At risk,Network Ops,email,,false,6.0h,,0.89
ITSM-2318,310318,Service Request,Laptop running slow,See summary; standard request.,Low,Waiting for support,,Siti Lee,Aisha Lim,2026-07-17 00:00:00,2026-07-18 13:30:00,2026-07-19 13:30:00,ITSM,Software,,Get IT help,Finance,Within SLA,Service Desk,chat,Low,false,,,0.59
ITSM-2319,310319,Service Request,Printer offline,See summary; standard request.,Medium,Resolved,Done,James Ismail,Kevin Das,2026-07-07 12:30:00,2026-07-08 12:30:00,2026-07-09 12:30:00,ITSM,Hardware,,Report a problem,Legal,Within SLA,Network Ops,portal,Low,false,,,
ITSM-2320,310320,Service Request,Printer offline,See summary; standard request.,Highest,In Progress,,Kenji Tanaka,James Ismail,Jul 22 2026,2026-07-23 14:30:00,2026-07-24 14:30:00,ITSM,Network,aging,Request access,IT,Breached,Service Desk,portal,High,false,,,0.97
ITSM-2321,310321,Service Request,Shared drive access,See summary; standard request.,Medium,Resolved,Done,Daniel Prakash,Kenji Tanaka,2026-07-24,2026-07-25 16:00:00,2026-07-26 16:00:00,ITSM,Email,aging,Get IT help,HR,At risk,App Support,chat,Low,false,,,0.66
ITSM-2322,310322,Service Request,Monitor flickering,See summary; standard request.,High,Waiting for support,Done,Li Wei,Uma Das,2026-07-25 00:00:00,2026-07-26 16:00:00,2026-07-27 16:00:00,ITSM,Email,,Request access,Legal,Within SLA,App Support,,Medium,false,1.5h,,0.74
ITSM-2323,310323,Service Request,Mailbox full,See summary; standard request.,Highest,In Progress,,Kumar Krishnan,Aiko Sato,2026-07-14 00:00:00,2026-07-15 08:45:00,2026-07-16 08:45:00,ITSM,Software,,Request access,Sales,Within SLA,Network Ops,portal,Medium,false,3.0h,,0.75
ITSM-2324,310324,Incident,Guest wifi issue,See summary; standard request.,High,Waiting for support,Done,Priya Wong,Devi Kumar,26/07/2026,2026-07-27 11:15:00,2026-07-28 11:15:00,ITSM,Software,,Report a problem,Legal,Breached,Network Ops,,High,false,1.0h,,0.74
ITSM-2325,310325,Incident,Network issue,See summary; standard request.,High,Open,Done,Kevin Hassan,Nadia Nair,Jul 14 2026,2026-07-15 13:15:00,2026-07-16 13:15:00,ITSM,Email,,Get IT help,Ops,Breached,Field Support,portal,High,false,2.0h,,0.70
ITSM-2326,310326,Incident,MFA device lost,See summary; standard request.,Highest,Waiting for support,,Marcus Raj,Mei Abdullah,2026-07-06,2026-07-07 10:30:00,2026-07-08 10:30:00,ITSM,Email,,Request access,IT,At risk,App Support,chat,High,true,4.0h,,0.62
ITSM-2327,310327,Incident,Guest wifi issue,See summary; standard request.,Highest,Resolved,Done,Uma Das ,Nadia Nair,Jul 20 2026,2026-07-21 16:45:00,2026-07-22 16:45:00,ITSM,Hardware,,Get IT help,IT,Breached,Field Support,chat,Critical,false,1.5h,,
ITSM-2328,310328,Incident,Printer offline,See summary; standard request.,Highest,Waiting for support,Done,Tariq Iyer,James Ismail,20/07/2026,2026-07-21 08:45:00,2026-07-22 08:45:00,ITSM,Email,aging,Report a problem,Finance,Within SLA,Service Desk,email,Medium,false,,,0.74
ITSM-2329,310329,Incident,Software install request,See summary; standard request.,Medium,In Progress,Done,Ravi Ismail,Kumar Tan,04/07/2026,2026-07-05 17:30:00,2026-07-06 17:30:00,ITSM,Access,,Report a problem,Sales,At risk,Field Support,chat,Medium,true,4.0h,,0.61
ITSM-2330,310330,Incident,Shared drive access,See summary; standard request.,Highest,Resolved,Done,Michael Chen,Kevin Hassan,2026-07-18,2026-07-19 10:30:00,2026-07-20 10:30:00,ITSM,Hardware,,Report a problem,Executive,At risk,App Support,chat,High,true,4.0h,,0.71
ITSM-2331,310331,Incident,Shared drive access,See summary; standard request.,High,In Progress,,Nadia Nair,Mei Abdullah,2026-07-09 15:30:00,2026-07-10 15:30:00,2026-07-11 15:30:00,ITSM,Software,aging,Report a problem,Sales,Breached,Service Desk,chat,High,false,6.0h,,
ITSM-2332,310332,Incident,Laptop running slow,See summary; standard request.,High,In Progress,,Yusof Tan,Sofia Marchetti,2026-07-08,2026-07-09 12:00:00,2026-07-10 12:00:00,ITSM,Access,,Get IT help,Sales,Within SLA,App Support,portal,,false,4.0h,,0.65
ITSM-2333,310333,Incident,Shared drive access,See summary; standard request.,Medium,Open,Done,Michael Rahman,Aiko Sato,Jul 06 2026,2026-07-07 14:15:00,2026-07-08 14:15:00,ITSM,Email,,Request access,Legal,At risk,Service Desk,portal,Low,false,1.0h,,0.90
ITSM-2334,310334,Incident,Password reset needed,See summary; standard request.,Low,Open,Done,Ismail Cheng,Marcus Iyer,2026-07-16 00:00:00,2026-07-17 17:45:00,2026-07-18 17:45:00,ITSM,Email,,Get IT help,IT,Within SLA,Field Support,email,Low,false,,,
ITSM-2335,310335,Service Request,Mailbox full,See summary; standard request.,Medium,Open,Done,Kevin Hassan,Anjali Tan,2026-07-26,2026-07-27 14:30:00,2026-07-28 14:30:00,ITSM,Hardware,,Report a problem,Finance,At risk,Network Ops,portal,,false,0.5h,,0.95
ITSM-2336,310336,Service Request,Keyboard replacement,See summary; standard request.,Highest,In Progress,Done,James Teo,Suki Cheng,04/07/2026,2026-07-05 08:45:00,2026-07-06 08:45:00,ITSM,Software,,Get IT help,HR,At risk,Service Desk,email,,false,,,0.77
ITSM-2337,310337,Service Request,MFA device lost,See summary; standard request.,Low,Waiting for customer,,Kevin Aziz,Omar Haddad,16/07/2026,2026-07-17 09:45:00,2026-07-18 09:45:00,ITSM,Network,,Report a problem,Legal,At risk,App Support,chat,Medium,false,4.0h,,
ITSM-2338,310338,Incident,Laptop running slow,See summary; standard request.,High,Resolved,Done,David Ng,Uma Das,Jul 11 2026,2026-07-12 17:00:00,2026-07-13 17:00:00,ITSM,Software,,Report a problem,HR,Within SLA,Field Support,portal,High,false,,,0.86
ITSM-2339,310339,Incident,Keyboard replacement,See summary; standard request.,Medium,In Progress,,Wan Teo,Faizal Das,2026-07-08 00:00:00,2026-07-09 08:45:00,2026-07-10 08:45:00,ITSM,Network,,Request access,IT,At risk,App Support,portal,,false,,,0.57
ITSM-2340,310340,Service Request,Laptop running slow,See summary; standard request.,Medium,Waiting for customer,,Hakim Gopal,Marcus Iyer,2026-07-12,2026-07-13 17:30:00,2026-07-14 17:30:00,ITSM,Software,,Report a problem,Executive,At risk,App Support,,Low,false,6.0h,,
ITSM-2341,310341,Incident,Password reset needed,See summary; standard request.,Low,Resolved,Done,Priya Wong,Faizal Chen,Jul 06 2026,2026-07-07 11:15:00,2026-07-08 11:15:00,ITSM,Hardware,,Get IT help,Finance,Within SLA,Network Ops,portal,Medium,false,4.0h,,0.75
ITSM-2342,310342,Service Request,Keyboard replacement,See summary; standard request.,High,Resolved,Done,Hakim Gopal,Ravi Ismail,2026-07-10 12:30:00,2026-07-11 12:30:00,2026-07-12 12:30:00,ITSM,Network,,Request access,Legal,At risk,App Support,chat,High,false,0.5h,,
ITSM-2343,310343,Service Request,Guest wifi issue,See summary; standard request.,Low,Waiting for customer,Done,Devi Ho,Nadia Ng,2026-07-05,2026-07-06 10:30:00,2026-07-07 10:30:00,ITSM,Access,,Request access,IT,Within SLA,Service Desk,email,Low,false,0.5h,,0.66
ITSM-2344,310344,Incident,Laptop running slow,See summary; standard request.,Low,In Progress,,Wan Teo ,Marcus Iyer,Jul 10 2026,2026-07-11 10:15:00,2026-07-12 10:15:00,ITSM,Email,aging,Get IT help,HR,Breached,App Support,chat,,true,,,0.74
ITSM-2345,310345,Service Request,MFA device lost,See summary; standard request.,High,In Progress,,Bryan Das,Tariq Iyer,2026-07-08 00:00:00,2026-07-09 13:15:00,2026-07-10 13:15:00,ITSM,Email,,Get IT help,Executive,At risk,Network Ops,chat,Medium,false,,,0.79
ITSM-2346,310346,Service Request,Printer offline,See summary; standard request.,High,Waiting for customer,,Arun Lim,Marcus Raj ,2026-07-18 16:45:00,2026-07-19 16:45:00,2026-07-20 16:45:00,ITSM,Software,,Get IT help,Ops,At risk,Field Support,chat,High,false,6.0h,,
ITSM-2347,310347,Incident,Guest wifi issue,See summary; standard request.,Medium,Waiting for support,Done,Amelia Novak,Faizal Das,2026-07-10 17:45:00,2026-07-11 17:45:00,2026-07-12 17:45:00,ITSM,Hardware,,Report a problem,IT,Within SLA,Service Desk,portal,Medium,false,4.0h,,0.96
ITSM-2348,310348,Service Request,Shared drive access,See summary; standard request.,Medium,Waiting for customer,,Faizal Iyer,Hana Kim,2026-07-19 15:00:00,2026-07-20 15:00:00,2026-07-21 15:00:00,ITSM,Hardware,,Request access,Legal,Within SLA,Field Support,portal,Low,false,,,0.61
ITSM-2349,310349,Service Request,MFA device lost,See summary; standard request.,Medium,In Progress,,Bryan Das,Grace Nair,2026-07-26,2026-07-27 14:45:00,2026-07-28 14:45:00,ITSM,Email,aging,Get IT help,IT,Breached,Service Desk,portal,High,false,,,0.63
ITSM-2350,310350,Service Request,Laptop running slow,See summary; standard request.,High,Waiting for support,,Faizal Das,Wan Teo,Jul 23 2026,2026-07-24 17:00:00,2026-07-25 17:00:00,ITSM,Software,,Request access,Executive,Breached,Network Ops,chat,High,false,0.5h,,0.84
ITSM-2351,310351,Service Request,Laptop running slow,See summary; standard request.,Highest,Resolved,Done,Kevin Kumar,Farah Lee,2026-07-15 00:00:00,2026-07-16 15:45:00,2026-07-17 15:45:00,ITSM,Software,,Request access,Ops,At risk,App Support,email,Critical,false,6.0h,,0.62
ITSM-2352,310352,Service Request,Password reset needed,See summary; standard request.,Highest,Waiting for customer,Done,Yusof Tan,Kevin Das,20/07/2026,2026-07-21 09:30:00,2026-07-22 09:30:00,ITSM,Email,,Get IT help,Legal,Breached,Field Support,email,High,false,0.5h,,
ITSM-2353,310353,Incident,Guest wifi issue,See summary; standard request.,High,Open,,Michael Ong,Michael Chen,2026-07-15 00:00:00,2026-07-16 17:45:00,2026-07-17 17:45:00,ITSM,Hardware,aging,Request access,Sales,Within SLA,Field Support,chat,,true,0.5h,,
ITSM-2354,310354,Service Request,Printer offline,See summary; standard request.,Highest,Waiting for support,,Omar Ncube,Siti Musa,2026-07-08 13:45:00,2026-07-09 13:45:00,2026-07-10 13:45:00,ITSM,Hardware,aging,Get IT help,Sales,Within SLA,App Support,chat,High,false,1.0h,,0.84
ITSM-2355,310355,Service Request,Monitor flickering,See summary; standard request.,Medium,Open,Done,Yusof Tan,Kevin Aziz,Jul 18 2026,2026-07-19 12:00:00,2026-07-20 12:00:00,ITSM,Email,,Request access,Sales,Within SLA,Network Ops,portal,,true,1.0h,,
ITSM-2356,310356,Incident,Printer offline,See summary; standard request.,Low,Resolved,Done,Siti Teo,Ismail Cheng,20/07/2026,2026-07-21 13:30:00,2026-07-22 13:30:00,ITSM,Network,,Request access,Legal,Breached,App Support,email,High,true,,,0.80
ITSM-2357,310357,Service Request,Software install request,See summary; standard request.,Highest,Waiting for support,,Nadia Teo,Arun Nair,Jul 04 2026,2026-07-05 10:30:00,2026-07-06 10:30:00,ITSM,Software,,Report a problem,Legal,Within SLA,App Support,chat,High,false,1.5h,,
ITSM-2358,310358,Incident,Password reset needed,See summary; standard request.,Medium,Resolved,Done,Yusof Ng,Nadia Nair,2026-07-11 00:00:00,2026-07-12 14:00:00,2026-07-13 14:00:00,ITSM,Software,,Report a problem,Executive,At risk,Service Desk,chat,Medium,false,1.0h,,
ITSM-2359,310359,Service Request,Mailbox full,See summary; standard request.,High,Waiting for support,,Grace Das,Grace Ho,2026-07-04 15:00:00,2026-07-05 15:00:00,2026-07-06 15:00:00,ITSM,Network,,Request access,IT,At risk,App Support,chat,,false,,,0.74
ITSM-2360,310360,Service Request,Printer offline,See summary; standard request.,High,Waiting for support,,Elodie Laurent ,Daniel Prakash,2026-07-10,2026-07-11 18:15:00,2026-07-12 18:15:00,ITSM,Network,aging,Request access,Executive,Breached,Field Support,email,High,false,4.0h,,
ITSM-2361,310361,Service Request,Software install request,See summary; standard request.,Low,Open,Done,Yusof Ng,Michael Ong,17/07/2026,2026-07-18 12:45:00,2026-07-19 12:45:00,ITSM,Network,,Get IT help,Sales,Breached,Field Support,email,High,false,1.5h,,
ITSM-2362,310362,Service Request,Monitor flickering,See summary; standard request.,Medium,In Progress,Done,Kumar Tan,Arun Abdullah,2026-07-04,2026-07-05 17:45:00,2026-07-06 17:45:00,ITSM,Hardware,,Get IT help,Legal,Breached,Service Desk,email,High,false,2.0h,,0.80
ITSM-2363,310363,Service Request,Guest wifi issue,See summary; standard request.,Medium,In Progress,,Omar Ncube,Arun Nair,2026-07-12 00:00:00,2026-07-13 09:45:00,2026-07-14 09:45:00,ITSM,Email,,Request access,Ops,Breached,Network Ops,portal,High,true,1.5h,,0.93
ITSM-2364,310364,Service Request,Network issue,See summary; standard request.,Medium,Waiting for support,,Rajesh Krishnan,Daniel Prakash,2026-07-19 00:00:00,2026-07-20 12:45:00,,ITSM,Network,,Report a problem,Finance,Within SLA,Service Desk,email,Low,false,1.0h,,0.76
ITSM-2365,310365,Incident,Network issue,See summary; standard request.,Highest,Resolved,Done,James Teo,Ravi Osman ,2026-07-07,2026-07-08 17:45:00,2026-07-09 17:45:00,ITSM,Access,,Request access,Ops,At risk,Network Ops,email,Critical,false,0.5h,,0.88
ITSM-2366,310366,Incident,Monitor flickering,See summary; standard request.,Highest,In Progress,,Priya Ismail,Kevin Das,2026-07-08 09:00:00,2026-07-09 09:00:00,2026-07-10 09:00:00,ITSM,Access,,Get IT help,IT,Breached,Service Desk,chat,Critical,false,1.5h,,0.62
ITSM-2367,310367,Service Request,Guest wifi issue,See summary; standard request.,Low,Waiting for customer,Done,Mei Lee,Nadia Teo,15/07/2026,2026-07-16 18:30:00,2026-07-17 18:30:00,ITSM,Software,,Request access,Sales,Breached,Network Ops,email,High,false,,,
ITSM-2368,310368,Incident,Laptop running slow,See summary; standard request.,Low,Open,Done,Suki Ncube,Michael Rahman,Jul 22 2026,2026-07-23 17:15:00,2026-07-24 17:15:00,ITSM,Access,aging,Request access,Ops,At risk,Network Ops,chat,,false,,,0.64
ITSM-2369,310369,Incident,Software install request,See summary; standard request.,Low,Open,,Nurul Osman,Diego Santos,2026-07-06 00:00:00,2026-07-07 17:45:00,2026-07-08 17:45:00,ITSM,Network,aging,Get IT help,IT,Breached,Network Ops,email,High,false,1.5h,,
ITSM-2370,310370,Service Request,Network issue,See summary; standard request.,Highest,In Progress,,Lena Ncube,Aiko Sato,2026-07-03 10:15:00,2026-07-04 10:15:00,2026-07-05 10:15:00,ITSM,Software,,Report a problem,HR,Breached,App Support,chat,Critical,true,2.0h,,
ITSM-2371,310371,Incident,Network issue,See summary; standard request.,Low,Waiting for customer,,Chloe Ncube,Aiko Sato,2026-07-08 17:45:00,2026-07-09 17:45:00,2026-07-10 17:45:00,ITSM,Email,,Request access,Sales,Breached,Service Desk,email,High,true,2.0h,,0.58
ITSM-2372,310372,Incident,Guest wifi issue,See summary; standard request.,Highest,Waiting for support,,Faizal Iyer,Wan Teo,2026-07-07 00:00:00,2026-07-08 16:00:00,2026-07-09 16:00:00,ITSM,Hardware,,Request access,HR,At risk,Field Support,email,High,true,0.5h,,0.79
ITSM-2373,310373,Service Request,Laptop running slow,See summary; standard request.,Highest,Resolved,Done,Ismail Cheng,Michael Chen,2026-07-26 00:00:00,2026-07-27 18:00:00,2026-07-28 18:00:00,ITSM,Hardware,,Get IT help,Executive,Within SLA,App Support,chat,Medium,false,3.0h,,
ITSM-2374,310374,Service Request,Shared drive access,See summary; standard request.,Low,Waiting for support,,Kumar Tan,Kevin Hassan,2026-07-25 00:00:00,2026-07-26 15:00:00,2026-07-27 15:00:00,ITSM,Access,,Request access,Ops,At risk,App Support,email,Low,false,0.5h,,
ITSM-2375,310375,Service Request,Password reset needed,See summary; standard request.,Low,Open,,Grace Ho,Michael Ong,Jul 25 2026,2026-07-26 13:00:00,2026-07-27 13:00:00,ITSM,Access,,Report a problem,HR,At risk,Field Support,portal,Low,true,3.0h,,0.79
ITSM-2376,310376,Incident,Monitor flickering,See summary; standard request.,High,Resolved,Done,Suki Ncube,Priya Ismail,2026-07-16 17:15:00,2026-07-17 17:15:00,2026-07-18 17:15:00,ITSM,Network,,Get IT help,Ops,At risk,Service Desk,portal,High,false,1.5h,,0.79
ITSM-2377,310377,Service Request,Network issue,See summary; standard request.,Highest,Resolved,Done,Wei Goh,Devi Kumar,25/07/2026,2026-07-26 09:30:00,2026-07-27 09:30:00,ITSM,Software,,Report a problem,Executive,Breached,Network Ops,email,Critical,true,0.5h,,0.64
ITSM-2378,310378,Service Request,Monitor flickering,See summary; standard request.,Highest,Waiting for customer,Done,Wan Goh,Kenji Tanaka,2026-07-06,2026-07-07 17:15:00,2026-07-08 17:15:00,ITSM,Hardware,,Get IT help,Sales,Within SLA,Field Support,,High,false,4.0h,,0.79
ITSM-2379,310379,Incident,Mailbox full,See summary; standard request.,Low,Waiting for support,,Wan Goh ,Omar Haddad,Jul 26 2026,2026-07-27 11:30:00,2026-07-28 11:30:00,ITSM,Access,,Report a problem,Legal,Within SLA,Network Ops,chat,Low,false,,,
ITSM-2380,310380,Service Request,Software install request,See summary; standard request.,Medium,In Progress,,David Ng,Wei Yeoh,2026-07-18 00:00:00,2026-07-19 17:30:00,2026-07-20 17:30:00,ITSM,Email,aging,Get IT help,Executive,Within SLA,Network Ops,chat,Medium,false,0.5h,,0.93
ITSM-2381,310381,Service Request,Network issue,See summary; standard request.,Highest,In Progress,,Lena Iyer ,Nurul Osman,2026-07-17 00:00:00,2026-07-18 11:15:00,2026-07-19 11:15:00,ITSM,Software,,Report a problem,Executive,Within SLA,Network Ops,email,High,false,6.0h,,0.90
ITSM-2382,310382,Incident,Shared drive access,See summary; standard request.,Low,Resolved,Done,Omar Haddad,Amelia Novak,2026-07-24,2026-07-25 18:15:00,2026-07-26 18:15:00,ITSM,Access,,Get IT help,IT,Within SLA,Service Desk,chat,Medium,true,0.5h,,0.62
ITSM-2383,310383,Incident,Software install request,See summary; standard request.,Low,In Progress,Done,Zara Musa,Grace Das,Jul 15 2026,2026-07-16 15:45:00,2026-07-17 15:45:00,ITSM,Software,,Request access,HR,At risk,App Support,chat,Medium,false,,,0.57
ITSM-2384,310384,Service Request,Password reset needed,See summary; standard request.,High,Resolved,Done,Aiko Sato,Nadia Ng,2026-07-18 00:00:00,2026-07-19 10:15:00,2026-07-20 10:15:00,ITSM,Software,,Report a problem,Sales,Breached,Field Support,email,High,false,0.5h,,0.79
ITSM-2385,310385,Service Request,Shared drive access,See summary; standard request.,Medium,In Progress,,Nadia Teo,Sofia Marchetti,08/07/2026,2026-07-09 10:15:00,2026-07-10 10:15:00,ITSM,Hardware,,Request access,Ops,Within SLA,Service Desk,email,Low,false,3.0h,,0.79
ITSM-2386,310386,Service Request,Software install request,See summary; standard request.,High,In Progress,,Uma Das,Rajesh Chen,Jul 09 2026,2026-07-10 13:45:00,2026-07-11 13:45:00,ITSM,Network,aging,Request access,HR,Breached,Field Support,email,High,true,,,0.55
ITSM-2387,310387,Incident,Printer offline,See summary; standard request.,Low,Waiting for customer,Done,Aiko Sato,James Teo,2026-07-20,2026-07-21 09:15:00,2026-07-22 09:15:00,ITSM,Email,,Report a problem,Finance,At risk,Field Support,,Low,true,,,
ITSM-2388,310388,Incident,Password reset needed,See summary; standard request.,High,Waiting for support,,Priya Lim,Grace Ho,Jul 23 2026,2026-07-24 10:30:00,2026-07-25 10:30:00,ITSM,Access,,Get IT help,Sales,Within SLA,App Support,portal,High,false,,,
ITSM-2389,310389,Service Request,Software install request,See summary; standard request.,High,In Progress,Done,Jaya Teo,Sofia Marchetti,2026-07-10 00:00:00,2026-07-11 15:15:00,2026-07-12 15:15:00,ITSM,Access,aging,Get IT help,HR,Within SLA,Field Support,email,Medium,false,0.5h,,
ITSM-2390,310390,Service Request,Monitor flickering,See summary; standard request.,Highest,Waiting for customer,,Suki Ncube ,Nadia Nair,2026-07-19 00:00:00,2026-07-20 12:45:00,2026-07-21 12:45:00,ITSM,Network,,Get IT help,Ops,At risk,App Support,portal,Critical,false,2.0h,,
ITSM-2391,310391,Incident,Software install request,See summary; standard request.,Medium,Waiting for support,,Tariq Lim,Daniel Prakash ,Jul 18 2026,2026-07-19 18:45:00,2026-07-20 18:45:00,ITSM,Hardware,,Get IT help,Sales,Breached,Field Support,email,High,false,1.0h,,0.57
ITSM-2392,310392,Incident,Monitor flickering,See summary; standard request.,Medium,Waiting for support,,Marcus Raj,Nadia Ng,Jul 17 2026,2026-07-18 17:45:00,2026-07-19 17:45:00,ITSM,Software,,Report a problem,Finance,At risk,App Support,portal,Medium,false,1.0h,,0.70
ITSM-2393,310393,Service Request,Laptop running slow,See summary; standard request.,Low,Waiting for customer,Done,Suki Ncube,Michael Ong,08/07/2026,2026-07-09 15:00:00,2026-07-10 15:00:00,ITSM,Access,aging,Request access,Legal,Within SLA,Network Ops,chat,Low,false,,,0.84
ITSM-2394,310394,Service Request,Keyboard replacement,See summary; standard request.,Highest,Waiting for customer,,Uma Ong,Uma Ong,2026-07-18 11:00:00,2026-07-19 11:00:00,2026-07-20 11:00:00,ITSM,Hardware,,Request access,Executive,At risk,App Support,portal,High,false,,,
ITSM-2395,310395,Incident,Monitor flickering,See summary; standard request.,Highest,Waiting for customer,,Nurul Osman,Grace Nair,Jul 24 2026,2026-07-25 14:15:00,2026-07-26 14:15:00,ITSM,Access,,Report a problem,Finance,Within SLA,App Support,portal,High,false,6.0h,,0.87
ITSM-2396,310396,Service Request,Printer offline,See summary; standard request.,Highest,Waiting for support,,Omar Ncube,Michael Chen,2026-07-08 00:00:00,2026-07-09 14:00:00,2026-07-10 14:00:00,ITSM,Access,aging,Request access,IT,Breached,Service Desk,portal,Critical,false,4.0h,,0.97
ITSM-2397,310397,Incident,Shared drive access,See summary; standard request.,Low,Waiting for support,,David Ng,Mei Lee ,09/07/2026,2026-07-10 08:15:00,2026-07-11 08:15:00,ITSM,Email,,Request access,Executive,At risk,Field Support,email,Low,false,,,0.84
ITSM-2398,310398,Service Request,Guest wifi issue,See summary; standard request.,Highest,Waiting for support,,Kumar Tan,Grace Nair,2026-07-17 14:00:00,2026-07-18 14:00:00,2026-07-19 14:00:00,ITSM,Access,,Request access,Sales,Breached,App Support,portal,High,false,,,0.66
ITSM-2399,310399,Service Request,Shared drive access,See summary; standard request.,Medium,Resolved,Done,Faizal Das,Amelia Novak,2026-07-18 00:00:00,2026-07-19 09:30:00,2026-07-20 09:30:00,ITSM,Network,,Get IT help,Ops,Breached,App Support,email,High,false,3.0h,,
ITSM-2400,310400,Incident,Shared drive access,See summary; standard request.,Highest,Waiting for support,,Grace Iyer,Kumar Goh,2026-07-21,2026-07-22 12:15:00,2026-07-23 12:15:00,ITSM,Hardware,,Get IT help,IT,Breached,App Support,email,High,false,,,
ITSM-2401,310401,Incident,Guest wifi issue,See summary; standard request.,High,Waiting for support,,Nadia Teo,Noah Fischer,Jul 18 2026,2026-07-19 17:30:00,2026-07-20 17:30:00,ITSM,Hardware,,Get IT help,IT,At risk,Network Ops,portal,Medium,true,3.0h,,
ITSM-2402,310402,Service Request,Software install request,See summary; standard request.,High,Waiting for customer,,Bryan Das,Kumar Goh,2026-07-21 09:30:00,2026-07-22 09:30:00,2026-07-23 09:30:00,ITSM,Access,,Report a problem,Sales,Within SLA,Field Support,chat,High,true,,,0.73
ITSM-2403,310403,Service Request,Shared drive access,See summary; standard request.,Highest,Waiting for support,Done,Siti Lee,Siti Teo,2026-07-15,2026-07-16 11:15:00,2026-07-17 11:15:00,ITSM,Access,,Request access,Executive,Within SLA,Network Ops,email,Medium,false,6.0h,,0.66
ITSM-2404,310404,Service Request,Mailbox full,See summary; standard request.,High,Waiting for customer,Done,Li Wei,Daniel Prakash,11/07/2026,2026-07-12 13:30:00,2026-07-13 13:30:00,ITSM,Hardware,,Request access,Finance,At risk,Field Support,chat,Medium,false,,,0.83
ITSM-2405,310405,Service Request,Mailbox full,See summary; standard request.,Highest,Waiting for customer,Done,Faizal Das,David Ng,Jul 08 2026,2026-07-09 18:30:00,2026-07-10 18:30:00,ITSM,Hardware,aging,Report a problem,Ops,Within SLA,Network Ops,chat,Medium,false,,,
ITSM-2406,310406,Incident,Shared drive access,See summary; standard request.,Highest,Waiting for support,Done,Zara Krishnan,Wei Yeoh,2026-07-24 00:00:00,2026-07-25 12:00:00,2026-07-26 12:00:00,ITSM,Hardware,,Report a problem,Ops,Within SLA,Field Support,chat,Medium,false,,,0.88
ITSM-2407,310407,Service Request,Network issue,See summary; standard request.,High,Open,Done,Farah Lee,Marcus Nair,2026-07-07 00:00:00,2026-07-08 16:15:00,2026-07-09 16:15:00,ITSM,Email,aging,Get IT help,Sales,At risk,Field Support,portal,High,true,1.0h,,0.85
ITSM-2408,310408,Service Request,Guest wifi issue,See summary; standard request.,High,In Progress,,Uma Ong,Yusof Ho,Jul 20 2026,2026-07-21 11:00:00,,ITSM,Hardware,,Get IT help,Ops,At risk,Network Ops,,High,false,1.0h,,0.75
ITSM-2409,310409,Service Request,Software install request,See summary; standard request.,Medium,Waiting for support,Done,Wan Goh,Omar Haddad,Jul 16 2026,2026-07-17 16:45:00,2026-07-18 16:45:00,ITSM,Network,aging,Report a problem,Executive,Breached,Network Ops,portal,High,false,,,0.77
ITSM-2410,310410,Incident,Guest wifi issue,See summary; standard request.,High,Resolved,Done,Faizal Iyer ,Ismail Cheng,06/07/2026,2026-07-07 18:45:00,2026-07-08 18:45:00,ITSM,Access,,Report a problem,IT,Breached,App Support,chat,High,true,,,0.63
ITSM-2411,310411,Incident,Monitor flickering,See summary; standard request.,High,Open,,Priya Lim,Farah Tan,Jul 12 2026,2026-07-13 15:30:00,2026-07-14 15:30:00,ITSM,Hardware,,Get IT help,IT,Within SLA,Service Desk,email,Medium,false,1.0h,,0.66
ITSM-2412,310412,Incident,Shared drive access,See summary; standard request.,High,Resolved,Done,Grace Lim,Siti Lee,Jul 19 2026,2026-07-20 18:15:00,2026-07-21 18:15:00,ITSM,Hardware,,Report a problem,Ops,At risk,Field Support,email,Medium,true,1.5h,,0.68
ITSM-2413,310413,Incident,Password reset needed,See summary; standard request.,Medium,Resolved,Done,Michael Chen,Devi Ho,10/07/2026,2026-07-11 08:00:00,2026-07-12 08:00:00,ITSM,Access,aging,Report a problem,Legal,At risk,Field Support,chat,Low,true,,,0.88
ITSM-2414,310414,Service Request,Mailbox full,See summary; standard request.,High,Resolved,Done,Tariq Lim,Priya Ismail,2026-07-26,2026-07-27 11:00:00,2026-07-28 11:00:00,ITSM,Network,,Report a problem,Finance,Breached,Service Desk,portal,High,false,1.5h,,0.76
ITSM-2415,310415,Incident,Password reset needed,See summary; standard request.,Highest,Waiting for customer,Done,Jaya Teo,Grace Ncube,2026-07-20 00:00:00,2026-07-21 13:45:00,2026-07-22 13:45:00,ITSM,Email,,Get IT help,Legal,Breached,Field Support,chat,High,false,,,0.83
ITSM-2416,310416,Incident,Mailbox full,See summary; standard request.,Medium,Waiting for support,,Mei Lee ,Michael Rahman,2026-07-06 00:00:00,2026-07-07 09:00:00,2026-07-08 09:00:00,ITSM,Software,,Report a problem,Sales,Within SLA,App Support,chat,Low,false,2.0h,,0.78
ITSM-2417,310417,Incident,Password reset needed,See summary; standard request.,Highest,Waiting for customer,,Tariq Lim,Bryan Das,2026-07-17 18:00:00,2026-07-18 18:00:00,2026-07-19 18:00:00,ITSM,Email,,Get IT help,Sales,At risk,Service Desk,portal,High,true,0.5h,,0.96
ITSM-2418,310418,Service Request,Mailbox full,See summary; standard request.,Highest,Resolved,Done,Grace Ho,Marcus Raj,2026-07-26,2026-07-27 09:30:00,2026-07-28 09:30:00,ITSM,Hardware,,Get IT help,Ops,Within SLA,Service Desk,chat,Medium,false,,,0.74
ITSM-2419,310419,Service Request,Password reset needed,See summary; standard request.,Low,Open,Done,James Ismail ,Grace Ncube,Jul 14 2026,2026-07-15 15:45:00,2026-07-16 15:45:00,ITSM,Email,,Report a problem,IT,At risk,App Support,portal,Medium,false,1.0h,,0.56
ITSM-2420,310420,Incident,Printer offline,See summary; standard request.,High,In Progress,Done,Aiko Sato,Uma Das,2026-07-11 00:00:00,2026-07-12 13:15:00,2026-07-13 13:15:00,ITSM,Email,aging,Report a problem,Executive,Within SLA,Network Ops,portal,High,false,,,0.76
ITSM-2421,310421,Incident,Network issue,See summary; standard request.,Low,Waiting for support,Done,Kumar Krishnan,Siti Lee,2026-07-14 00:00:00,2026-07-15 14:45:00,2026-07-16 14:45:00,ITSM,Hardware,,Report a problem,HR,Breached,Field Support,email,High,false,,,0.69
ITSM-2422,310422,Incident,Password reset needed,See summary; standard request.,Low,Waiting for customer,Done,Hui Yeoh,Hui Yeoh,Jul 07 2026,2026-07-08 13:00:00,2026-07-09 13:00:00,ITSM,Email,,Report a problem,IT,Breached,Field Support,chat,High,false,1.0h,,0.76
ITSM-2423,310423,Incident,Guest wifi issue,See summary; standard request.,Highest,Resolved,Done,Arun Lim,Poh Aziz,2026-07-24 00:00:00,2026-07-25 17:00:00,,ITSM,Access,,Get IT help,Legal,At risk,Service Desk,chat,Critical,false,1.0h,,0.81
ITSM-2424,310424,Service Request,Password reset needed,See summary; standard request.,High,Waiting for support,,Kumar Krishnan,Kenji Tanaka,06/07/2026,2026-07-07 08:15:00,2026-07-08 08:15:00,ITSM,Access,,Request access,Finance,Within SLA,Network Ops,email,High,false,,,
ITSM-2425,310425,Incident,Keyboard replacement,See summary; standard request.,Low,Resolved,Done,Michael Ong,Michael Ong,2026-07-12 00:00:00,2026-07-13 11:30:00,2026-07-14 11:30:00,ITSM,Software,,Request access,Executive,Within SLA,Network Ops,chat,Low,true,,,
ITSM-2426,310426,Incident,Network issue,See summary; standard request.,High,Waiting for customer,,Grace Ncube,Priya Lim,2026-07-20 00:00:00,2026-07-21 08:00:00,2026-07-22 08:00:00,ITSM,Software,,Report a problem,Ops,At risk,Field Support,chat,High,false,4.0h,,0.98
ITSM-2427,310427,Incident,Keyboard replacement,See summary; standard request.,Medium,Waiting for support,,Farah Lee,Suki Ncube,Jul 05 2026,2026-07-06 14:15:00,2026-07-07 14:15:00,ITSM,Email,,Request access,IT,At risk,Network Ops,chat,Low,false,3.0h,,0.89
ITSM-2428,310428,Incident,Printer offline,See summary; standard request.,High,Resolved,Done,Michael Rahman,Yusof Ho,Jul 26 2026,2026-07-27 08:30:00,2026-07-28 08:30:00,ITSM,Software,,Report a problem,Sales,At risk,App Support,portal,High,true,,,0.82
ITSM-2429,310429,Incident,Shared drive access,See summary; standard request.,Highest,Resolved,Done,Tariq Iyer,David Ng,2026-07-25 00:00:00,2026-07-26 18:30:00,2026-07-27 18:30:00,ITSM,Hardware,aging,Get IT help,Legal,At risk,App Support,email,High,true,1.5h,,0.65
ITSM-2430,310430,Incident,Password reset needed,See summary; standard request.,Highest,In Progress,,Rajesh Krishnan,Wei Goh,2026-07-15,2026-07-16 08:45:00,2026-07-17 08:45:00,ITSM,Software,,Request access,HR,Breached,App Support,portal,High,false,,,0.77
ITSM-2431,310431,Incident,Keyboard replacement,See summary; standard request.,Low,Waiting for customer,,Marcus Nair,Wei Goh,2026-07-17 10:45:00,2026-07-18 10:45:00,2026-07-19 10:45:00,ITSM,Software,,Request access,Finance,Breached,Service Desk,portal,High,false,4.0h,,0.63
ITSM-2432,310432,Service Request,Laptop running slow,See summary; standard request.,Low,Open,,Suki Cheng,Aisha Lim,2026-07-11,2026-07-12 13:15:00,2026-07-13 13:15:00,ITSM,Email,,Report a problem,Executive,Within SLA,Service Desk,portal,Medium,false,6.0h,,0.81
ITSM-2433,310433,Incident,Printer offline,See summary; standard request.,High,Resolved,Done,Chloe Ncube,Marcus Raj,2026-07-16,2026-07-17 12:30:00,2026-07-18 12:30:00,ITSM,Access,,Get IT help,Sales,Breached,App Support,chat,High,true,,,0.56
ITSM-2434,310434,Service Request,Mailbox full,See summary; standard request.,High,Waiting for customer,,Lakshmi Goh ,Siti Lee,2026-07-05 00:00:00,2026-07-06 17:00:00,,ITSM,Hardware,,Report a problem,Sales,Breached,Field Support,portal,High,false,,,0.57
ITSM-2435,310435,Service Request,Password reset needed,See summary; standard request.,High,Open,,,Wan Goh,2026-07-17 00:00:00,2026-07-18 17:30:00,2026-07-19 17:30:00,ITSM,Email,,Report a problem,Finance,At risk,Network Ops,chat,High,false,1.5h,,0.60
ITSM-2436,310436,Incident,Laptop running slow,See summary; standard request.,High,Waiting for customer,,Siti Lim,Wei Goh,2026-07-16 17:30:00,2026-07-17 17:30:00,2026-07-18 17:30:00,ITSM,Software,,Get IT help,HR,Within SLA,App Support,email,,false,,,0.85
ITSM-2437,310437,Incident,MFA device lost,See summary; standard request.,High,Waiting for support,,Ismail Raj,Kumar Krishnan,2026-07-20 00:00:00,2026-07-21 18:15:00,2026-07-22 18:15:00,ITSM,Network,aging,Request access,Executive,At risk,Network Ops,portal,Medium,true,,,0.70
ITSM-2438,310438,Incident,MFA device lost,See summary; standard request.,Highest,In Progress,,Diego Santos,Wei Goh,07/07/2026,2026-07-08 18:45:00,2026-07-09 18:45:00,ITSM,Network,aging,Get IT help,Finance,At risk,Service Desk,chat,High,true,0.5h,,
ITSM-2439,310439,Service Request,Laptop running slow,See summary; standard request.,Low,In Progress,,Kumar Goh,Michael Chen,2026-07-08 17:00:00,2026-07-09 17:00:00,2026-07-10 17:00:00,ITSM,Hardware,,Request access,Finance,At risk,Service Desk,email,Low,true,1.5h,,
ITSM-2440,310440,Incident,Mailbox full,See summary; standard request.,Low,Waiting for support,,Lakshmi Goh,Li Wei,2026-07-26 16:30:00,2026-07-27 16:30:00,2026-07-28 16:30:00,ITSM,Software,,Report a problem,Finance,Breached,Field Support,email,High,false,4.0h,,0.60
ITSM-2441,310441,Service Request,MFA device lost,See summary; standard request.,High,In Progress,Done,Faizal Chen,Ravi Ismail,2026-07-13 11:15:00,2026-07-14 11:15:00,2026-07-15 11:15:00,ITSM,Email,,Report a problem,IT,At risk,Field Support,chat,Medium,false,3.0h,,0.64
ITSM-2442,310442,Service Request,Printer offline,See summary; standard request.,Highest,Open,,Michael Chen,Michael Rahman,2026-07-20 00:00:00,2026-07-21 15:00:00,2026-07-22 15:00:00,ITSM,Access,,Request access,Finance,Breached,Service Desk,portal,,true,,,0.80
ITSM-2443,310443,Service Request,Guest wifi issue,See summary; standard request.,Highest,Resolved,Done,Bryan Das,Nadia Ng,2026-07-06,2026-07-07 15:30:00,,ITSM,Hardware,,Request access,HR,Within SLA,App Support,chat,Medium,false,1.0h,,0.84
ITSM-2444,310444,Service Request,Keyboard replacement,See summary; standard request.,Highest,Open,,Wan Teo,Faizal Iyer,14/07/2026,2026-07-15 17:15:00,2026-07-16 17:15:00,ITSM,Email,aging,Request access,Finance,Breached,Field Support,email,High,false,2.0h,,0.65
ITSM-2445,310445,Service Request,Guest wifi issue,See summary; standard request.,Highest,Waiting for customer,Done,Siti Musa,Faizal Iyer,2026-07-08,2026-07-09 18:00:00,2026-07-10 18:00:00,ITSM,Software,,Report a problem,Finance,Within SLA,Network Ops,chat,High,false,0.5h,,0.84
ITSM-2446,310446,Incident,Printer offline,See summary; standard request.,Highest,Waiting for customer,,James Ismail,Elodie Laurent,Jul 17 2026,2026-07-18 16:30:00,2026-07-19 16:30:00,ITSM,Email,aging,Report a problem,Executive,Within SLA,Field Support,chat,,false,1.5h,,0.95
ITSM-2447,310447,Incident,Password reset needed,See summary; standard request.,Low,In Progress,,Siti Lee,Amelia Novak,2026-07-03 00:00:00,2026-07-04 16:30:00,2026-07-05 16:30:00,ITSM,Network,aging,Report a problem,Legal,Within SLA,Service Desk,email,Low,false,2.0h,,0.64
ITSM-2448,310448,Service Request,Password reset needed,See summary; standard request.,Highest,Resolved,Done,Siti Teo,Priya Ismail,2026-07-23,2026-07-24 08:15:00,2026-07-25 08:15:00,ITSM,Hardware,,Report a problem,Ops,Within SLA,App Support,portal,Medium,true,4.0h,,0.73
ITSM-2449,310449,Service Request,Guest wifi issue,See summary; standard request.,High,Waiting for customer,Done,Yusof Ng,Uma Das,Jul 26 2026,2026-07-27 11:30:00,2026-07-28 11:30:00,ITSM,Email,,Report a problem,HR,Within SLA,Network Ops,portal,Medium,false,4.0h,,
ITSM-2450,310450,Service Request,Printer offline,See summary; standard request.,Highest,Open,,Siti Teo,Mei Abdullah,22/07/2026,2026-07-23 08:30:00,2026-07-24 08:30:00,ITSM,Hardware,,Get IT help,IT,At risk,Field Support,,Critical,false,1.5h,,
ITSM-2451,310451,Incident,Network issue,See summary; standard request.,Low,Waiting for customer,,Faizal Chen,Chloe Ncube,2026-07-12 00:00:00,2026-07-13 15:00:00,2026-07-14 15:00:00,ITSM,Access,,Get IT help,Ops,At risk,App Support,portal,Low,false,,,
ITSM-2452,310452,Incident,MFA device lost,See summary; standard request.,Highest,Waiting for support,,Diego Santos,Kumar Goh,13/07/2026,2026-07-14 09:15:00,2026-07-15 09:15:00,ITSM,Network,aging,Get IT help,Executive,At risk,Service Desk,email,Critical,true,,,0.70
ITSM-2453,310453,Service Request,Mailbox full,See summary; standard request.,Low,Resolved,Done,Nadia Iyer,Wan Goh,18/07/2026,2026-07-19 12:15:00,2026-07-20 12:15:00,ITSM,Software,,Get IT help,Finance,At risk,App Support,chat,Low,false,,,0.82
ITSM-2454,310454,Service Request,Software install request,See summary; standard request.,Medium,In Progress,,Wei Yeoh ,Arun Tan,26/07/2026,2026-07-27 18:15:00,,ITSM,Email,,Report a problem,Finance,At risk,Service Desk,email,Medium,false,,,
ITSM-2455,310455,Service Request,Software install request,See summary; standard request.,Highest,Waiting for support,,Nurul Osman,Anjali Tan,25/07/2026,2026-07-26 09:00:00,2026-07-27 09:00:00,ITSM,Network,,Request access,HR,Breached,Field Support,chat,High,false,0.5h,,0.95
ITSM-2456,310456,Service Request,Shared drive access,See summary; standard request.,Medium,Resolved,Done,Nadia Nair,Priya Lim,2026-07-11 00:00:00,2026-07-12 10:45:00,,ITSM,Software,,Request access,IT,Breached,App Support,chat,High,false,2.0h,,
ITSM-2457,310457,Service Request,Guest wifi issue,See summary; standard request.,High,Waiting for support,,Nadia Nair,Siti Lee,2026-07-04 18:45:00,2026-07-05 18:45:00,2026-07-06 18:45:00,ITSM,Network,,Get IT help,Legal,At risk,App Support,email,,false,4.0h,,0.89
ITSM-2458,310458,Service Request,Shared drive access,See summary; standard request.,High,Resolved,Done,Tariq Lim,Hakim Gopal,2026-07-14 00:00:00,2026-07-15 16:30:00,2026-07-16 16:30:00,ITSM,Hardware,,Report a problem,IT,Breached,Service Desk,chat,,false,1.5h,,0.94
ITSM-2459,310459,Service Request,Network issue,See summary; standard request.,Highest,In Progress,Done,Farah Tan,Grace Ncube ,18/07/2026,2026-07-19 14:00:00,2026-07-20 14:00:00,ITSM,Email,,Report a problem,IT,Breached,Service Desk,portal,Critical,false,2.0h,,
ITSM-2186,310186,Incident,Cannot submit timesheet,Cannot access the payroll portal to submit my timesheet; page times out.,High,In Progress,,Noah Fischer,Devi Ho,Jul 20 2026,2026-07-20 10:13:00,2026-07-20 13:13:00,ITSM,Network,,Report a problem,Executive,At risk,Service Desk,email,Critical,false,1.0h,INC-9001,0.85
ITSM-2219,310219,Service Request,Password reset needed,See summary; standard request.,Medium,Open,,,Wan Teo,2026-07-21 14:56:00,2026-07-21 15:56:00,2026-07-23 14:56:00,ITSM,Network,,Get IT help,Executive,Within SLA,Network Ops,email,Low,false,,,0.88
